[
 {"Sno": "Q1",
  "question": "Which Business area you belong to? Options: A.Data Innovation  <br>


                       B.Wealth Private Banking (Wealth / Premier / Affluent )
                       C.Fraud, Fin Crime & Services
                       D.FF&S: Customer Due Diligence
                       E.C&B Banking & NW Markets
                       F.Retail Analytics & Decisioning
                       G.Customer Data Delivery ( Cus DNA / E Privacy)
                       H.Risk & Finance
                       I.Platform Improvement Remediation.
                       J.Others",
  "answer": ["A","B","C","D","E","F","G","H","I","J"],
   a new bubble-("Response to user":D&A encourages you to get in touch with your business spokes before raising request here.<value1>------is your engagement lead and
   <value2>---------is business spoke for your department.)
  "explanation":[{A:["Jamie Allason","Graham Smith"]},{B:["Not Known","Adam Jupp"]},{C:["Neil Ford","Corinne King"]},
        {D:["Stephen Connelly / Raja","Not Known"]},{E:["Gavin Skinner","Sarah Walker"]},{F:["Keith Hill","Karen Dewar"]},
        {G:["Stephen Connelly","Not Known"]},{H:["Vacancy","Not Kwown"]},{I:["Colin Saxon","Not Known"]}]
 },       
 {"Sno": "Q2",
       "question": "What is the business objective of this project? Could you describe your use case?",
       "answer": []
 },
 {"Sno": "Q3",
  "question": "Which category does your request belong to? Please reply with Options-
         A:New data sourcing in D&A
         B:Build data extracts from D&A data lake
         C:New Reporting use case on data existing within D&A data lake
         D:New Reporting use case on data non-existent on D&A data lake
         E:Data Analysis for existing DNA data?-highly encourage you to reach out to SPOKEs.
         F:Data science\Real time data sourcing\ Others?
         G:I am not sure.Could you please elaborate the request types.",
         "answer": ["A","B","C","D","E","F","G"]
 },
{"Sno": "Q4",
 "question":"Which use case do you want us to elaborate? Reply with options-
         A:New data sourcing in D&A
         B:Build data extracts from D&A data lake
         C:New Reporting use case on data existing within D&A data lake
         D:New Reporting use case on data non-existent on D&A data lake
         E:Data Analysis for existing DNA data?
         F:Data Science
<explanations needs to be shown in a new bubble>
"explanation":[{"A":"Use case to bring a new data source which is already not pesent in D&A datalake.You can validate in EDH portal to verify the same-Link:EDH Data Portal - Home (rbsres01.net)"},
         {"B":"If you want to do reporting on a data which is already existing in D&A datalake.Post q2 we would be migrating to cloud so we recommend you to do reporting from snowflake using Tableau or 
         thoughtspot.Reporting will be done by tenants using self service."},
         {"C":"If you want to do reporting on a data which is not existing in D&A datalake.As per policy we only deal with golden source.In case you want to raise exception by sourcing non-golden source 
         data please share mitigation plan and raise tech debt for DDA approvals.To get more details visit this link-
         https://confluence.dts.fm.rbsgrp.net/display/DSDS/Data+Principle+%3A+Consumption+of+non+Golden+Source+Analytic+Stores},
         {"D":"If you want to consume data which is already existing in d&a data lake.We highly recommend users to perform data egress using a self service.We have different patterms available for data 
          egress which can be used by tenants for bringing data based on target interfaces"},
         {"E":"If you want to perform analysis on data which is already existing in D&A datalake we highly recommend you to connect with a business spokes.Data analyst from d&a will be alligned based on your
          requirement "},
         {"F":"If you have a use case wherein you want to perform data science or machine learning on D&A platform.Please drop a mail to d&a engagement group @ Engagement group:
         ( ~ DAT_BusinessEngagement <FM-032571@rbos.co.uk>) and your request would be taken ahead in next business presentation meeting."}
 ]},
 {"Sno":"Q5",
  question:"Hope you are now clear with request types.Please reply with A:yes i can select my use case now B:No,i want to exit and raise request manually"
  answers:["A","B"]
 },
 {"Sno": "Q5A",
  "question": "Which category does your request belong to? Please reply with Options-
         A:New data sourcing in D&A
         B:Build data extracts from D&A data lake
         C:New Reporting use case on data existing within D&A data lake
         D:New Reporting use case on data non-existent on D&A data lake
         E:Data Analysis for existing DNA data?-highly encourage you to reach out to SPOKEs.
          }
--Newdata_questionnaire
{"Sno": "Q6",
 "question": "What is the type of data? Is the data of enterprise concern?
         Enterprise data is the data used across multiple teams in an enterprise.
         Non enterprise data is the data used by specific team in an enterprise.
         Please reply with Options- A:yes,move to next question B:No, i want to exit",
  "answer": ["A","B"]

},
{"Sno": "Q7",
 "question": "Have you evaluated ISBIA ratings for your project? As part of the continual review process of HLD (High Level Design) content, there is a need to standardise the non functional requirements within HLDs
              This has following benefits:
               -Clearer to requester the service level they will be getting.
               -Ensures resiliency is aligned to the IT Resilience Tiering classification standard.
               -Provides opportunity to challenge adherence to data security policy.
               -Drives consistency to optimise the design approval process.
         To know more about same please refer below link-(https://confluence.dts.fm.rbsgrp.net/pages/viewpage.action?pageId=595207957#ISBIA&CIInfo)
         Please reply with Options- A:Move to next question  B:Exit",
 "answer": ["A","B"]
},
{"Sno": "Q8",
 "question": "Is there any sensitive/ secret data?(D&A only support data classification up to confidential. In case your data is secret classified then please reach out to spoke leads or tower leads for further guidance.) Options A: No secret data is involved B: Yes secret data is involved,I want to exit",
 "answer": ["A","B"]
},
{"Sno": "Q9",
 "question": "We are highly dependent on user solutions as we provide PAAS offering.Please Share existing link(confluence/SharePoint) of the requirement like data flow diagram,design diagram, business context diagram.Do you have it right now Options- A:yes,move to next question B:I will get it later ",
 "answer": ["A","B"]
},
  {"Sno": "Q10",
    "question": "Please consider non-functional requirements eg.user\batch concurrency, data retention period, Batch SLA etc.? To know more about NFR'S please visit link here -https://confluence.dts.fm.rbsgrp.net/display/EDG/Draft+Non+Functional+Requirements Please reply with Options- A:I have,move to next question B:I do not have any,move to next question",
    "answer": ["A","B"]
  },

{"Sno": "Q11",
 "question": "Are your sources golden data sources?
  A Golden Source is either the Master Source for a defined set of data or a GSWG (Golden Source Working Group) approved copy of that Master.
  It is deemed the best known source from which to take that data, in line with business, technology and architectural guidance.
  It may bring together data from several Master Sources of data entities in banks. Pls have a look of register - (https://intranet.rbsres01.net/ManagingRecordsData/DataZone/RBS-Data-Knowledgebase/Pages/Master-and-Golden-Sources.aspx)
  Please reply with Options- A:yes B:no",
"answer": ["A","B"]
},
{"Sno": "Q12",
"question": "What is the mitigation plan to move to golden data source.Have you raised tech dept for D&A approval?Please reply with A:yes i have already done B:I will do it later
"answer": ["A","B"]
},
  {"Sno":"Q13",
  "question": "Please register tech debt for non golden source at this link -Link for raising technical debt-https://confluence.dts.fm.rbsgrp.net/display/EDG/Technical+Debt.Please reply with options A: Thanks move to next question b: exit,
    "answer": ["A","B"]
  },
{"Sno": "Q14",
"question": ["The Data sourcing team are responsible for the gathering of data from various sources thoughout the business and presenting that data to the business using EDH as an access platform. Data is taken from source, in a variety of ways, before being made available to EDH.How do you plan to ingest data into EDH?Available patterns,
         "A: On host File Transfer",
         "B: Off-host File Sources",
         "C: On host Database",
         "D: Off-host Database",
         "E- 3rd Party - sFTP/GSS2",
         "Please reply with A:Thanks,move to next question B:I want to know more about the patterns"],

"answer": ["A","B"]
},
{"Sno": "Q15",
"question":["which pattern do you want to more about?Please reply with options:",
         "A: On host File Transfer",
         "B: Off-host File Sources",
         "C: On host Database",
         "D: Off-host Database",
         "E- 3rd Party - sFTP/GSS2"],
"answer": ["A","B","C","D","E"],
"explanation":[{A:"Data is available from the source system in the form of a text based extract file,link-https://confluence.dts.fm.rbsgrp.net/display/DSDS/Batch+Ingest+-+On-host+File+Transfer"},
         {B:"Data is available directly from the source system using a direct database connection,link-https://confluence.dts.fm.rbsgrp.net/display/DSDS/Batch+Ingestion+-+Off-host+File+Sources"},
         {C:"Data is available from the source system in the form of a text based extract file,link-https://confluence.dts.fm.rbsgrp.net/display/DSDS/Batch+Ingestion+-+On+host+Database"},
         {D:"Data is available directly from the source system using a direct database connection,link-https://confluence.dts.fm.rbsgrp.net/display/DSDS/Batch+Ingest+-+Off-host+Database"},
         {E:"Source systems contain data which the business require access to and needs to be made available to EDH in a robust and verifiable manner.Link-https://confluence.dts.fm.rbsgrp.net/display/DSDS/Batch+Ingest+-+On-host+File+Transfer"},
         {F:"In cases where files are only available from a source outwith RBS.Link-https://confluence.dts.fm.rbsgrp.net/display/DSDS/External+Data+Batch+Ingest+using+sFTP"}]
       },
{"Sno": "Q16",
 "question":"Hope you are clear on how you will bring data into D&A?Please reply with A:yes,move to next question B:exit",
  "answer":["A","B"]
},

#Dataanalysis_questionnaire
      {"Sno": "Q17",
       "question": "The EDH Data Portal aims to promote effective utilisation of the Enterprise Data Hub by providing users with a comprehensive and self service go-to portal for all relevant information and support.
        Enterprise Data Hub (EDH) is a logical construct, that covers the strategic data store, integration and analytics components supported by Data & Analytics Technology.Have you analysed your data on portal ?
        Link- EDH Data Portal - Home (rbsres01.net).Do you have access to EDH portal? Options A:yes i have B:no i want to raise access Request",
        "answer": ["A","B"]
        "explanation":[{"B":"You can raise access request by clicking on link here-<confluence link needs to be added"}]
      },
#Dataextract_questionnaire
      {"Sno": "Q18",
        "question": "We have different egress patterns to help users consume data extracts from D&A datalake.
        D&A encourages data egress using self service. For available patterns refer below link:
        Patterns available for publish/egress - EDH Design Governance - Confluence (rbsgrp.net.Please
        select your target system  Options- A:on-premise B:cloud",
        "answer": ["A","B"]
      },
      {"Sno": "Q19",
        "question": "We have different egress patterns to help users consume data extracts from D&A datalake.
          D&A encourages data egress using self service. For available patterns refer below link:
          Patterns available for publish/egress - EDH Design Governance - Confluence (rbsgrp.net.Please
          select your target system  Options- A:on-premise B:cloud",
        "answer": ["A","B"]
      },
      {"Sno": "Q20",
       "question": "cloud-Which of the below patterns you want to use for data egress?"
         A:Data Publish from Snowflake using Copy Into
         B:Snowflake Publish to GCP Domain Store Using Copy Into
         C:EL1 - Publish to On-Premise Direct from Snowflake
         D:I want to know more about these patterns
        "answer": ["A","B"]
      },
     {"Sno": "Q21",
      "question":"cloud-Which of the below patterns you want more information?"
         A:Data Publish from Snowflake using Copy Into
         B:Snowflake Publish to GCP Domain Store Using Copy Into
         C:EL1 - Publish to On-Premise Direct from Snowflake
         "answer": ["A","B","C"]
         "explanation":[{"A":"Data in Snowflake needs to be unloaded into a NWG owned AWS S3 bucket through a Named External Stage in Snowflake.,Link-https://confluence.dts.fm.rbsgrp.net/display/DSDS/DIP8+-+Data+Publish+from+Snowflake+using+Copy+Into"},
          {"B":"Data in Snowflake needs to be unloaded into a NWG owned AWS S3 bucket, and moved to NWG owned GCP Object Store. ,Link-https://confluence.dts.fm.rbsgrp.net/display/DSDS/DIP9+-+Snowflake+Publish+to+GCP+Domain+Store+Using+Copy+Into"},
          {"C":"Data needs to be:
            extracted out of Snowflake
            loaded to an on-premise target
           via an approved data integration tool managing the data pipeline and associated movement of that data",
           link-https://confluence.dts.fm.rbsgrp.net/display/DSDS/EL1+-+Publish+to+On-Premise+Direct+from+Snowflake}]
      },
      {"Sno": "Q22",
         "question":"On prem-Which of the below patterns you want to use for data egress?
         A:EDH UI
         B:Federated bulk read / write from Hadoop with ETL tools
         C:Bulk read/write File transfer with Connect:Direct
         D:I want to know more about these patterns"
        "answer": ["A","B","C","D"]
     },
     {"Sno": "Q23",
      "question":"On prem-Which of the below patterns you want more information?"
         A:EDH UI
         B:Federated bulk read / write from Hadoop with ETL tools
         C:Bulk read/write File transfer with Connect:Direct
         "answer": ["A","B","C"]
         "explanation":[{"A":"Provides a user friendly interface to understand the data that resides in EDH ,Link-https://confluence.dts.fm.rbsgrp.net/display/DSDS/DIP7f.+EDH+UI"},
          {"B":"Tenants will have their own ETL tooling and capability to ingest or extract data from the EDH,Link-https://confluence.dts.fm.rbsgrp.net/pages/viewpage.action?pageId=568279407"},
          {"C":"file transfer utility called Connect Direct (C:D) to exchange data.",link-https://confluence.dts.fm.rbsgrp.net/pages/viewpage.action?pageId=568279408}]
      },
      {"Sno": "Q24",
       "question": "Have you evaluated ISBIA ratings for your project? To know more about same please refer below link-
         (https://confluence.dts.fm.rbsgrp.net/pages/viewpage.action?pageId=595207957#ISBIA&CIInfo)
         Options- A:yes  B:I will do it later",
        "answer": ["A","B"]
      },
       {"Sno": "Q25",
        "question": "We are highly dependent on user solutions as we provide PAAS offering.Please Share existing link(confluence/SharePoint) of the requirement like data flow diagram,
         design diagram, business context diagram.Do you have it right now Options- A:yes B:I will get it later",
        "answer": ["A","B"]
      },
#Reportingonnewdata_questionnaire = [
      {"Sno": "Q26",
       "question": "Have you evaluated ISBIA ratings for your project? To know more about same please refer below link-
         (https://confluence.dts.fm.rbsgrp.net/pages/viewpage.action?pageId=595207957#ISBIA&CIInfo)
         Options- A:yes  B:I will do it later",
        "answer": ["A","B"]
      },
      {"Sno": "Q27",
       "question": "What kind of reporting you are looking for? Options:
                     A:MI Reporting
                     B:Operational Reporting
                     C:Regulatory Reporting
                     D:Calculations / Derivations (to be performed on the data provided like Data science /ML toolset)",
        "answer": ["A","B","C","D"]
      },
      {"Sno": "Q28",
       "question": "What are the timelines for your project?Please reply with options: A:<3 months B:>3 months",
        "answer": ["A","B"]
        "explanation":[{A:Post q2 we would be migrating to cloud and D&A will gradually stop supporting on-premise datalake.Please have a plan to migrate your systems
         accordingly}]
       },
       {"Sno": "Q29",
        "question": "We are highly dependent on user solutions as we provide PAAS offering.Please Share existing link(confluence/SharePoint) of the requirement like data flow diagram,
         design diagram, business context diagram.Do you have it right now Options- A:yes B:I will get it later",
        "answer": ["A","B"]
      },
      {"Sno": "Q30",
       "question": "Current project is pilot only or full scale go-live?
         Options- A: pilot B:Full scale go live",
        "answer": ["A","B"]
      },
       {"Sno": "Q31",
        "question": "We are highly dependent on user solutions as we provide PAAS offering.Please Share existing link(confluence/SharePoint) of the requirement like data flow diagram,
         design diagram, business context diagram.Do you have it right now Options- A:yes B:I will get it later",
        "answer": ["A","B"]
      },
#Reportingonexistingdata_questionnaire
    {"Sno": "Q32",
     "question": "If there is an existing solution what tool\services are involved? What are the tool/services involved in the solution?
      Options A:Existing solution is there B:Existing solution is not there."
      "expected-answer": ["A","B"]
     },
     {"Sno": "Q33",
      "question": "What kind of reporting you are looking for? Options:
                     A:MI Reporting
                     B:Operational Reporting
                     C:Regulatory Reporting
                     D:Calculations / Derivations (to be performed on the data provided like Data science /ML toolset)",
      "answer": ["A","B","C","D"]
      },
      {"Sno": "Q34",
       "question": "What are the timelines for your project?Please reply with options: A:<3 months B:>3 months",
       "answer": ["A","B"]
       "explanation":[{A:Post q2 we would be migrating to cloud and D&A will gradually stop supporting on-premise datalake.Please have a plan to migrate your systems
       accordingly}]
       },
       {"Sno": "Q35",
        "question": "We are highly dependent on user solutions as we provide PAAS offering.Please Share existing link(confluence/SharePoint) of the requirement like data flow diagram,
        design diagram, business context diagram.Do you have it right now Options- A:yes B:I will get it later",
        "answer": ["A","B"]
      },
      {"Sno": "Q36",
       "question": "Are their any managed components to be build by D&A, but owned by tenant? (Managed service offering is completely managed by D&A *with additional cost  and self-service capabilities is to do it yourself.)
         Options- A:yes B:no",
        "answer": ["A","B"]
]
     
      










      

      
