[
 {
   "Sno": "q1",
   "Question": "Which business are you belogn to? Type the option (A or B or C or D)\nA. Risk \nB.D&A \nC.Finance \nD.Retail"
 },
 {
   "Sno": "q2",
   "Question": "Press y to proceed further"
 },
 {
   "Sno": "q3",
   "Question": "Tilak to proceed further"
 },
 {
   "Sno": "q4",
   "Question": "Amit"
 },
 {
   "Sno": "q5",
   "Question": "Hrithik"
 },
 {
   "Sno": "q6",
   "Question": "abcd"
 },
 {
   "Sno": "q7",
   "Question": "which  of the following scenario fits best in your Use Case? Type the option (A or B or C or D)\n1. Scenario\n2. Scenario\n3. Scenario"
 }
]