[
 {
   "Journey": "All",
   "QAKey": "1",
   "NextQ": null
 },
 {
   "Journey": "All",
   "QAKey": "1.A",
   "NextQ": 3
 },
 {
   "Journey": "All",
   "QAKey": "1.B",
   "NextQ": 4
 },
 {
   "Journey": "All",
   "QAKey": "1.C",
   "NextQ": 5
 },
 {
   "Journey": "All",
   "QAKey": "1.D",
   "NextQ": 6
 },
 {
   "Journey": "All",
   "QAKey": "3.y",
   "NextQ": 7
 },
 {
   "Journey": "All",
   "QAKey": "4.y",
   "NextQ": 7
 },
 {
   "Journey": "All",
   "QAKey": "5.y",
   "NextQ": 7
 },
 {
   "Journey": "All",
   "QAKey": "6.y",
   "NextQ": 7
 }
]