[
   {
      "QAKey": "Q1",
      "NextQ": "Q1"
   },
   {
      "QAKey": "Q1!!!A",
      "NextQ": "Q2"
   },
   {
      "QAKey": "Q1!!!B",
      "NextQ": "Q3"
   },
   {
      "QAKey": "Q1!!!C",
      "NextQ": "Q4"
   },
   {
      "QAKey": "Q1!!!D",
      "NextQ": "Q5"
   },
   {
      "QAKey": "Q1!!!E",
      "NextQ": "Q6"
   },
   {
      "QAKey": "Q1!!!F",
      "NextQ": "Q7"
   },
   {
      "QAKey": "Q1!!!G",
      "NextQ": "Q8"
   },
   {
      "QAKey": "Q1!!!H",
      "NextQ": "Q9"
   },
   {
      "QAKey": "Q1!!!I",
      "NextQ": "Q10"
   },
   {
      "QAKey": "Q1!!!A",
      "NextQ": "Q11"
   },
   {
      "QAKey": "Q2!!!A",
      "NextQ": "Q1"
   },
   {
      "QAKey": "Q3!!!A",
      "NextQ": "Q11"
   },
   {
      "QAKey": "Q4!!!A",
      "NextQ": "Q11"
   },
   {
      "QAKey": "Q5!!!A",
      "NextQ": "Q11"
   },
   {
      "QAKey": "Q6!!!A",
      "NextQ": "Q11"
   },
   {
      "QAKey": "Q7!!!A",
      "NextQ": "Q11"
   },
   {
      "QAKey": "Q8!!!A",
      "NextQ": "Q11"
   },
   {
      "QAKey": "Q9!!!A",
      "NextQ": "Q11"
   },
   {
      "QAKey": "Q10!!!A",
      "NextQ": "Q11"
   },
   {
      "QAKey": "Q11",
      "NextQ": "Q12"
   },
   {
      "QAKey": "Q12!!!A",
      "NextQ": "Q13"
   },
   {
      "QAKey": "Q12!!!B",
      "NextQ": "Q13"
   },
   {
      "QAKey": "Q13!!!A",
      "NextQ": "Q15"
   },
   {
      "QAKey": "Q13!!!B",
      "NextQ": "Q15"
   },
   {
      "QAKey": "Q13!!!C",
      "NextQ": "Q14"
   },
   {
      "QAKey": "Q15!!!A",
      "NextQ": "Q31"
   },
   {
      "QAKey": "Q15!!!B",
      "NextQ": "Q31"
   },
   {
      "QAKey": "Q15!!!C",
      "NextQ": "Q31"
   },
   {
      "QAKey": "Q15!!!D",
      "NextQ": "Q31"
   },
   {
      "QAKey": "Q15!!!E",
      "NextQ": "Q31"
   },
   {
      "QAKey": "Q15!!!F",
      "NextQ": "Q31"
   },
   {
      "QAKey": "Q15!!!G",
      "NextQ": "Q31"
   },
   {
      "QAKey": "Q15!!!H",
      "NextQ": "Q31"
   },
   {
      "QAKey": "Q15!!!I",
      "NextQ": "Q1"
   },
   {
      "QAKey": "Q15!!!J",
      "NextQ": "Q1"
   },
   {
      "QAKey": "Q15!!!K",
      "NextQ": "Q1"
   },
   {
      "QAKey": "Q15!!!L",
      "NextQ": "Q1"
   },
   {
      "QAKey": "Q49!!!A",
      "NextQ": "Q30"
   },
   {
      "QAKey": "Q15!!!M",
      "NextQ": "Q49"
   },
   {
      "QAKey": "Q3!!!0A",
      "NextQ": "Q15"
   },
   {
      "QAKey": "Q17!!!Y",
      "NextQ": "Q30"
   },
   {
      "QAKey": "Q30!!!A",
      "NextQ": "Q31"
   },
   {
      "QAKey": "Q31!!!A",
      "NextQ": "Q34"
   },
   {
      "QAKey": "Q31!!!B",
      "NextQ": "Q32"
   },
   {
      "QAKey": "Q32!!!B",
      "NextQ": "Q33"
   },
   {
      "QAKey": "Q33!!!A",
      "NextQ": "Q34"
   },
   {
      "QAKey": "Q34!!!A",
      "NextQ": "Q36"
   },
   {
      "QAKey": "Q34!!!B",
      "NextQ": "Q35"
   },
   {
      "QAKey": "Q35!!!A",
      "NextQ": "Q36"
   },
   {
      "QAKey": "Q36!!!A",
      "NextQ": "Q37"
   },
   {
      "QAKey": "Q37!!!A",
      "NextQ": "Q38"
   },
   {
      "QAKey": "Q38!!!A",
      "NextQ": "Q39"
   },
   {
      "QAKey": "Q38!!!B",
      "NextQ": "Q39"
   },
   {
      "QAKey": "Q39!!!A",
      "NextQ": "Q48"
   },
   {
      "QAKey": "Q39!!!B",
      "NextQ": "Q40"
   },
   {
      "QAKey": "Q40!!!A",
      "NextQ": "Q41"
   },
   {
      "QAKey": "Q40!!!B",
      "NextQ": "Q42"
   },
   {
      "QAKey": "Q40!!!C",
      "NextQ": "Q43"
   },
   {
      "QAKey": "Q40!!!D",
      "NextQ": "Q44"
   },
   {
      "QAKey": "Q40!!!E",
      "NextQ": "Q45"
   },
   {
      "QAKey": "Q40!!!F",
      "NextQ": "Q46"
   },
   {
      "QAKey": "Q41!!!A",
      "NextQ": "Q47"
   },
   {
      "QAKey": "Q42!!!A",
      "NextQ": "Q47"
   },
   {
      "QAKey": "Q43!!!A",
      "NextQ": "Q47"
   },
   {
      "QAKey": "Q44!!!A",
      "NextQ": "Q47"
   },
   {
      "QAKey": "Q45!!!A",
      "NextQ": "Q47"
   },
   {
      "QAKey": "Q46!!!A",
      "NextQ": "Q47"
   },
   {
      "QAKey": "Q47!!!A",
      "NextQ": "Q48"
   }
]
