[
   {
      "Sno": "Q1",
      "NextQ": "Q1"
   },
   {
      "Sno": "Q1!!!A",
      "NextQ": "Q2"
   },
   {
      "Sno": "Q1!!!B",
      "NextQ": "Q3"
   },
   {
      "Sno": "Q1!!!C",
      "NextQ": "Q4"
   },
   {
      "Sno": "Q1!!!D",
      "NextQ": "Q5"
   },
   {
      "Sno": "Q1!!!E",
      "NextQ": "Q6"
   },
   {
      "Sno": "Q1!!!F",
      "NextQ": "Q7"
   },
   {
      "Sno": "Q1!!!G",
      "NextQ": "Q8"
   },
   {
      "Sno": "Q1!!!H",
      "NextQ": "Q9"
   },
   {
      "Sno": "Q1!!!I",
      "NextQ": "Q10"
   },
   {
      "Sno": "Q1!!!Y",
      "NextQ": "Q11"
   },
   {
      "Sno": "Q2!!!Y",
      "NextQ": "Q11"
   },
   {
      "Sno": "Q3!!!Y",
      "NextQ": "Q11"
   },
   {
      "Sno": "Q4!!!Y",
      "NextQ": "Q11"
   },
   {
      "Sno": "Q5!!!Y",
      "NextQ": "Q11"
   },
   {
      "Sno": "Q6!!!Y",
      "NextQ": "Q11"
   },
   {
      "Sno": "Q7!!!Y",
      "NextQ": "Q11"
   },
   {
      "Sno": "Q8!!!Y",
      "NextQ": "Q11"
   },
   {
      "Sno": "Q9!!!Y",
      "NextQ": "Q11"
   },
   {
      "Sno": "Q10!!!Y",
      "NextQ": "Q11"
   },
   {
      "Sno": "Q11",
      "NextQ": "Q12"
   },
   {
      "Sno": "Q12!!!A",
      "NextQ": "Q13"
   },
   {
      "Sno": "Q12!!!B",
      "NextQ": "Q13"
   },
   {
      "Sno": "Q13!!!A",
      "NextQ": "Q15"
   },
   {
      "Sno": "Q13!!!B",
      "NextQ": "Q14"
   },
   {
      "Sno": "Q14!!!Y",
      "NextQ": "Q15"
   },
   {
      "Sno": "Q15A",
      "NextQ": "Q11"
   },
   {
      "Sno": "Q15M",
      "NextQ": "Q16"
   },
   {
      "Sno": "Q16A",
      "NextQ": "Q17"
   },
   {
      "Sno": "Q17Y",
      "NextQ": "Q30"
   },
   {
      "Sno": "Q30A",
      "NextQ": "Q31"
   },
   {
      "Sno": "Q31B",
      "NextQ": "Q32"
   },
   {
      "Sno": "Q32B",
      "NextQ": "Q33"
   },
   {
      "Sno": "Q33Y",
      "NextQ": "Q34"
   },
   {
      "Sno": "Q34A",
      "NextQ": "Q36"
   },
   {
      "Sno": "Q34B",
      "NextQ": "Q35"
   },
   {
      "Sno": "Q35!!!Y",
      "NextQ": "Q36"
   },
   {
      "Sno": "Q36!!!Y",
      "NextQ": "Q37"
   },
   {
      "Sno": "Q37!!!Y",
      "NextQ": "Q38"
   },
   {
      "Sno": "Q38!!!A",
      "NextQ": "Q39"
   },
   {
      "Sno": "Q38!!!B",
      "NextQ": "Q39"
   },
   {
      "Sno": "Q39!!!A",
      "NextQ": "Q48"
   },
   {
      "Sno": "Q39!!!B",
      "NextQ": "Q40"
   },
   {
      "Sno": "Q40!!!A",
      "NextQ": "Q41"
   },
   {
      "Sno": "Q40!!!B",
      "NextQ": "Q42"
   },
   {
      "Sno": "Q40!!!C",
      "NextQ": "Q43"
   },
   {
      "Sno": "Q40!!!D",
      "NextQ": "Q44"
   },
   {
      "Sno": "Q40!!!E",
      "NextQ": "Q45"
   },
   {
      "Sno": "Q40!!!F",
      "NextQ": "Q46"
   },
   {
      "Sno": "Q41!!!Y",
      "NextQ": "Q47"
   },
   {
      "Sno": "Q42!!!Y",
      "NextQ": "Q47"
   },
   {
      "Sno": "Q43!!!Y",
      "NextQ": "Q47"
   },
   {
      "Sno": "Q44!!!Y",
      "NextQ": "Q47"
   },
   {
      "Sno": "Q45!!!Y",
      "NextQ": "Q47"
   },
   {
      "Sno": "Q46!!!Y",
      "NextQ": "Q47"
   },
   {
      "Sno": "Q47!!!Y",
      "NextQ": "Q48"
   }
]
