[
   {
      "Sno": "Q1",
      "Question": "Which Business area you belong to? Please type options ( A OR B OR C etc.)",
      "Options": "<ol type='A'><li> Data Innovation</li><li>Wealth Private Banking (Wealth / Premier / Affluent )</li><li>Fraud</li><li>FF&S: Customer Due Diligence</li><li>C&B Banking & NW Markets</li><li>Retail Analytics & Decisioning</li><li>Customer Data Delivery ( Cus DNA / E Privacy)</li><li>Risk & Finance</li><li>Platform Improvement Remediation.</li><li>Other</li></ol> ",
      "ValidAnswer": "[A,B,C,D,E,F,G,H,I,J]"
   },
   {
      "Sno": "Q2",
      "Question": "D&A encourages you to get in touch with your business spokes before raising request here. Jamie Allason is your engagement lead and Adam Jupp is business spoke for your department.<li>Please write a mail to @emailid to engage with respective spokes for your department</li>",
      "Options": "<ol type='A'><li> Press  A to continue</li><li>Press B to end this chat</li></ol> ",
      "ValidAnswer": "[A,B]"
   },
   {
      "Sno": "Q3",
      "Question": "D&A encourages you to get in touch with your business spokes before raising request here. Gavin skinner is your engagement lead and Adam Jupp is business spoke for your department.Please write a mail to @emailid to engage with respective spokes for your department",
      "Options": "<ol type='A'><li> Press  A to continue</li><li>Press B to end this chat</li></ol> ",
      "ValidAnswer": "[A,B]"
   },
   {
      "Sno": "Q4",
      "Question": "D&A encourages you to get in touch with your business spokes before raising request here. Neil Ford is your engagement lead and Corinne King is business spoke for your department.Please write a mail to @emailid to engage with respective spokes for your department",
      "Options": "<ol type='A'><li> Press  Y to </li><li>Press B to end this chat</li></ol> ",
      "ValidAnswer": "[A,B]"
   },
   {
      "Sno": "Q5",
      "Question": "D&A encourages you to get in touch with your business spokes before raising request here. Stephen Connelly / Raja is your engagement lead and <> is business spoke for your department.Please write a mail to @emailid to engage with respective spokes for your department",
      "Options": "<ol type='A'><li> Press  A to continue</li><li>Press B to end this chat</li></ol> ",
      "ValidAnswer": "[A,B]"
   },
   {
      "Sno": "Q6",
      "Question": "D&A encourages you to get in touch with your business spokes before raising request here.Gavin Skinner is your engagement lead and Sarah Walker is business spoke for your department.Please write a mail to @emailid to engage with respective spokes for your department",
      "Options": "<ol type='A'><li> Press  A to continue</li><li>Press B to end this chat</li></ol> ",
      "ValidAnswer": "[A,B]"
   },
   {
      "Sno": "Q7",
      "Question": "D&A encourages you to get in touch with your business spokes before raising request here.Keith Hill is your engagement lead and Karen Dewar is business spoke for your department.Please write a mail to @emailid to engage with respective spokes for your department",
      "Options": "<ol type='A'><li> Press  A to continue</li><li>Press B to end this chat</li></ol> ",
      "ValidAnswer": "[A,B]"
   },
   {
      "Sno": "Q8",
      "Question": "D&A encourages you to get in touch with your business spokes before raising request here.Stephen Connelly is your engagement lead and Not Known is business spoke for your department.Please write a mail to @emailid to engage with respective spokes for your department",
      "Options": "<ol type='A'><li> Press  A to continue</li><li>Press B to end this chat</li></ol> ",
      "ValidAnswer": "[A,B]"
   },
   {
      "Sno": "Q9",
      "Question": "D&A encourages you to get in touch with your business spokes before raising request here. Vacancy is your engagement lead and Not Known is business spoke for your department.Please write a mail to @emailid to engage with respective spokes for your department",
      "Options": "<ol type='A'><li> Press  A to continue</li><li>Press B to end this chat</li></ol> ",
      "ValidAnswer": "[A,B]"
   },
   {
      "Sno": "Q10",
      "Question": "D&A encourages you to get in touch with your business spokes before raising request here. Colin Saxon is your engagement lead and Not Known is business spoke for your department.Please write a mail to @emailid to engage with respective spokes for your department",
      "Options": "<ol type='A'><li> Press  A to continue</li><li>Press B to end this chat</li></ol> ",
      "ValidAnswer": "[A,B]"
   },
   {
      "Sno": "Q11",
      "Question": "What is the business objective of this project? Could you describe your use case?Also please share confluence/sharepoint link(if any)to give more insights into your usecase.",
      "Options": " ",
      "ValidAnswer": "[  ]"
   },
   {
      "Sno": "Q12",
      "Question": "We are highly dependent on user solutions as we provide PAAS offering.Please Share existing link(confluence/SharePoint) of the requirement like data flow diagram,design diagram,business context diagram etc. ",
      "Options": "  ",
      "ValidAnswer": "[  ]"
   },
   {
      "Sno": "Q25",
      "Question": "D&A supports tier 3 applications and in some cases tier 2 applications also.In case your application belongs to tier 1 than you need to build additional tolerance in your system to handle unavailabilty of D&A systems.<ol><li> https://confluence.dts.fm.rbsgrp.net/pages/viewpage.action?pageId=595207957#ISBIA&CIInfo.</li></ol>",
      "Options": " ",
      "ValidAnswer": "[  ]"
   },
   {
      "Sno": "Q26",
      "Question": "Have you evaluated CIA ratings for your project? As part of the continual review process of HLD (High Level Design) content, there is a need to standardise the non functional requirements within HLDs. This has following benefits: <ol><li>-Clearer to requester the service level they will be getting.</li>\n           <li>    -Ensures resiliency is aligned to the IT Resilience Tiering classification standard.</li>\n              <li> -Provides opportunity to challenge adherence to data security policy.</li>\n              <li> -Drives consistency to optimise the design approval process.</li></ol>\n To know more about same please refer below link-(https://confluence.dts.fm.rbsgrp.net/pages/viewpage.action?pageId=595207957#ISBIA&CIInfo) ",
      "Options": "<ol type='A'><li>Press  A to continue</li><li> B to end this chat</li></ol> ",
      "ValidAnswer": "[A,B]"
   },
   {
      "Sno": "Q27",
      "Question": "Have you calculated PIA score?       <ol><li>Our Customers trust us with their finances and Personal Data so it is important that we deal with their Personal Data in the right way. Under the EU GDPR a Privacy Impact Assessment (PIA) is a legal requirement for any processing of Personal Data that is likely to result in a high risk to individuals\u2019 Privacy rights.</li><li>In addition, carrying out a PIA helps the bank to identify and minimise the Privacy risks of a project, as well as helping to influence the design of processes and products in order to mitigate/reduce legal risks.</li><li> Failure to carry out a PIA when required can lead to regulatory fines link<https://intranet.rbsres01.net/Legal/PrivacyandClientConfidentiality/Pages/default.aspx </li></ol>",
      "Options": "<ol type='A'><li> Press  A to continue</li><li> B to end this chat</li></ol> ",
      "ValidAnswer": "[A,B]"
   },
   {
      "Sno": "Q28",
      "Question": "Please consider non-functional requirements eg.user batch concurrency, data retention period, Batch SLA etc.? <ol><li>To know more about NFR'S please visit link here -\nhttps://confluence.dts.fm.rbsgrp.net/display/EDG/Draft+Non+Functional+Requirements. </li><li>Please reply with Options- (A/B)</li></ol>",
      "Options": " ",
      "ValidAnswer": "[  ]"
   },
   {
      "Sno": "Q29",
      "Question": "Which scenario suits your use case better?Please select Options from below (A or B or C etc)<ol><li>(Please note if you have use case which fits more than 1 scenario,select the scenario in order and questionnaire will route you to cover other scenarios as well)</li></ol>",
      "Options": "<ol type='A'><li> Data sourcing into d&a platforms</li><li>Data consumption from d&a platforms</li><li>Data science/machine learning in D&A as PAAS service  </li><li>I am not sure and want to know more about use cases</li></ol> ",
      "ValidAnswer": "[A,B,C,D]"
   },
   {
      "Sno": "Q42",
      "Question": "Below is the description of terms being used to define the scenarios:\nData sourcing into d&a platforms-When user wants to onboard a new data source into D&A platforms(both cloud and on-premise/streaming and batch data)\nData consumption from d&a platforms-When user wants to consume data existing within D&A using following means:\napi to fetch data from hadoop\ndata will be integrated with other systems\nbuild extracts(small datasets) from existing data\nreporting(Reporting )\nOthers\nData science/machine learning into D&A as PAAS service -Use case where you want to use D&A as PAAS service o carry your own data machine/data science related use cases .Reply with option A:yes to continue ,option B:no to end this chat                           ",
      "Options": "<ol type='A'><li>  yes </li><li> no</li></ol> ",
      "ValidAnswer": "[A,B]"
   },
   {
      "Sno": "Q43",
      "Question": "Hope you are clear with the above scenarios and able to choose your use case.Please select from options(A or B or C etc):",
      "Options": "<ol type='A'><li> Data sourcing into d&a platforms</li><li>Data consumption from d&a platforms</li><li>Data science/machine learning into D&A as PAAS service  </li><li>I have a use case which is not listed above</li></ol> ",
      "ValidAnswer": "[A,B,C,D]"
   },
   {
      "Sno": "Q44",
      "Question": "Since your use case is not listed,Please drop a mail to D&A engagement group and your use case will be taken ahead in next business presentation meeting.press exit to end the chat here.",
      "Options": "<ol type='A'><li> Exit</li></ol> ",
      "ValidAnswer": "[Exit]"
   },
   {
      "Sno": "Q13",
      "Question": "Is your data existing in DA platforms e.g hadoop datalakes/snowflake etc.Please reply with options (A or B or C)",
      "Options": "<ol type='A'><li> yes</li><li>No </li><li>Not Sure</li></ol> ",
      "ValidAnswer": "[A,B,C]"
   },
   {
      "Sno": "Q14",
      "Question": "Have you validated your data on EDH portal.Please find the link for same-https://confluence.dts.fm.rbsgrp.net/display/CL/Enterprise+Data+Hub+-+EDH.In case your don't have access to same please raise access request by going to this link.Does this help?",
      "Options": "<ol type='A'><li> yes</li><li>No I want to get help from data analyst to get more insights</li></ol> ",
      "ValidAnswer": "[A,B]"
   },
   {
      "Sno": "Q15",
      "Question": "We highly recommend you to get in touch with business spoke to get a DA assigned as your request involves data analysis to find if data is existing  in D&A or not.Reply with exit to end the chat and talk to spoke",
      "Options": "<ol type='A'><li> Press exit to end chat</li></ol> ",
      "ValidAnswer": "[  ]"
   },
   {
      "Sno": "Q16",
      "Question": "Are your sources golden data sources?<li> A Golden Source is either the Master Source for a defined set of data or a GSWG (Golden Source Working Group) approved copy of that Master.</li><li>Pls have a look of register - (https://intranet.rbsres01.net/ManagingRecordsData/DataZone/RBS-Data-Knowledgebase/Pages/Master-and-Golden-Sources.aspx).</li> Please reply with option - (A/B)",
      "Options": "<ol type='A'><li>  yes </li><li> no</li></ol> ",
      "ValidAnswer": "[A,B]"
   },
   {
      "Sno": "Q17",
      "Question": "Please get golden source id from golden source register and specify additional fields to be sourced",
      "Options": " ",
      "ValidAnswer": "[ ]"
   },
   {
      "Sno": "Q18",
      "Question": "What is the mitigation plan to move to golden data source.Have you raised tech dept for D&A approval?Please reply with options - (A or B)",
      "Options": "<ol type='A'><li> yes i have already done </li><li> I will do it later</li></ol> ",
      "ValidAnswer": "[A,B]"
   },
   {
      "Sno": "Q19",
      "Question": "Please register tech debt for non golden source at this link.<li>Link for raising technical debt.<li> https://confluence.dts.fm.rbsgrp.net/display </li>",
      "Options": "<ol type='A'><li> Press  A to continue</li><li>B to end this chat</li></ol> ",
      "ValidAnswer": "[A,B]"
   },
   {
      "Sno": "Q21",
      "Question": "Is there any sensitive/ secret data?<li>D&A only support data classification up to confidential. In case your data is secret classified then please reach out to spoke leads or tower leads for further guidance.</li> Please reply with option - (A/B)",
      "Options": "<ol type='A'><li> No secret data is not involved </li><li> secret data is involved</li></ol> ",
      "ValidAnswer": "[A,B]"
   },
   {
      "Sno": "Q22",
      "Question": "To bring secret data into the D&A datalake you might have to go through an additional assessment.We may require more information before allowing secret data into D&A platforms",
      "Options": "<ol type='A'><li> Press  A to continue</li><li> B to end this chat</li></ol> ",
      "ValidAnswer": "[A,B]"
   },
   {
      "Sno": "Q23",
      "Question": "Are your sources residing on-premise or on-cloud?",
      "Options": "<ol type='A'><li> ON-Premise</li><li>Cloud</li></ol> ",
      "ValidAnswer": "[A,B]"
   },
   {
      "Sno": "Q24",
      "Question": "<ol><li>Enterprise data is the one which has a usage for enterprise wide use-cases like Customer Data, Account Data etc.</li><li>Domain Specific data is the one whose usecase is limited to a project team within a Domain e.g. Fraud/ Risk etc.</li></ol> Select option A/B to specify the type of new data you wish to onboard",
      "Options": "<ol type='A'><li> Enterprise data</li><li>Non enterprise data</li></ol> ",
      "ValidAnswer": "[A,B]"
   },
   {
      "Sno": "Q34",
      "Question": "Are source system(Enterprise) producing data in streams(real time) or batch(job executes once in a day at specific time)?",
      "Options": "<ol type='A'><li> Batch </li><li>Streams</li></ol> ",
      "ValidAnswer": "[A,B]"
   },
   {
      "Sno": "Q47",
      "Question": "Are source system(Non-Enterprise) producing data in streams(real time) or batch(job executes once in a day at specific time)?",
      "Options": "<ol type='A'><li> Batch </li><li>Streams</li></ol> ",
      "ValidAnswer": "[A,B]"
   },
   {
      "Sno": "Q30",
      "Question": "New Data sourcing Enterprise datafrom on-premise sources:The Data sourcing team are responsible for the gathering of data from various sources thoughout the business and presenting that data to the business using EDH as an access platform. Data is taken from source, in a variety of ways, before being made available to EDH.How do you plan to ingest data into EDH?For sourcing enterprise data managed ingestion route is available using below patterns:\nA: On host File Transfer\n         \nB: Off-host File Sources\n         \nC: On host Database\n         \nD: Off-host Database\n         \nE- 3rd Party - sFTP/GSS2(Link to hlsd needs to be attached here).Do you want to do processing on data being ingested?",
      "Options": "<ol type='A'><li> yes</li><li>no</li></ol> ",
      "ValidAnswer": "[A,B]"
   },
   {
      "Sno": "Q31",
      "Question": "New Data sourcing Non-Enterprise data from on-premise sources:Data ingestion of non enterprise data should be done by tenants themselves.Based on the availability of source tenants can choose to ingest using self-service from below available patterns:\nFederated Batch Ingest from SQL Store\nFederated On Premise Batch File Ingest(Link to hlsd needs to be attached here).Do you want to do processing on data being ingested?",
      "Options": "<ol type='A'><li> yes</li><li>no</li></ol> ",
      "ValidAnswer": "[A,B]"
   },
   {
      "Sno": "Q32",
      "Question": "Data sourcing streaming Enterprise-Below are the Patterns available for the same \nManaged Stream Ingest using Streamsets Data Collector(LINK TO HLSD NEEDS TO BE ATTACHED HERE).Do you want to do processing on data being ingested?",
      "Options": "<ol type='A'><li> yes</li><li>no</li></ol> ",
      "ValidAnswer": "[A,B]"
   },
   {
      "Sno": "Q33",
      "Question": "Data sourcing into cloud d&a infrastructure(Data science related use case)-Federated On Premise SQL Store Ingest directly to \nFBI3 - Ingest into Snowflake from Domain Store (GCP) using Copy Into\nEL2 - Direct Ingest from On-Prem to Snowflake(LINK TO HLSD NEEDS TO BE ATTACHED here).Do you want to do processing on data being ingested?",
      "Options": "<ol type='A'><li> yes</li><li>no</li></ol> ",
      "ValidAnswer": "[A,B]"
   },
   {
      "Sno": "Q48",
      "Question": "Data sourcing from cloud sources-patterns?(LINK TO HLSD NEEDS TO BE ATTACHED here).Do you want to do processing on data being ingested?",
      "Options": "<ol type='A'><li> yes</li><li>no</li></ol> ",
      "ValidAnswer": "[A,B]"
   },
   {
      "Sno": "Q35",
      "Question": "Data sourcing streaming Non-Enterprise-Below are the Patterns available for the same  \nFederated Stream Ingeste(LINK TO HLSD NEEDS TO BE ATTACHED here).Do you want to do processing on data being ingested?",
      "Options": "<ol type='A'><li> yes</li><li>no</li></ol> ",
      "ValidAnswer": "[A,B]"
   },
   {
      "Sno": "Q36",
      "Question": "Below are the available patterns for processing/transforming data being brought into d&a platforms(on-premise)\n\nTransform at source-when transform logic is complex and suited for RDMS.Also,Source/domain owners are able to provide transformed data in structures defined by EDH.\nExtract-load-transform-when transform logic is simple.Source has well defined data structures and multiple views of same data is required by business\nCompute as a service using spark-Some third party vendors require dedicated high performance compute frameworks (e.g. Spark) in order to implement their software solutions..  In addition, applications may require dedicated compute resources to preserve their SLAs. This pattern outlines the functionality and resource that would be made available to relevant software applications. (LINK TO template HLSD showing different transformations NEEDS TO BE ATTACHED here).",
      "Options": " ",
      "ValidAnswer": "[  ]"
   },
   {
      "Sno": "Q49",
      "Question": "Below is the pattern to perform transformation on enterprise data on cloud-Managed stream processing-https://confluence.dts.fm.rbsgrp.net/display/DSDS/DIP11.+Managed+Stream+Processing",
      "Options": " ",
      "ValidAnswer": "[  ]"
   },
   {
      "Sno": "Q50",
      "Question": "Below is the pattern to perform transformation on non-enterprise data on cloud-Domain stream processing-https://confluence.dts.fm.rbsgrp.net/display/DSDS/DIP10.+Domain+Stream+Processing",
      "Options": " ",
      "ValidAnswer": "[  ]"
   },
   {
      "Sno": "Q51",
      "Question": "Do you want to perform processing on data before consuming?",
      "Options": "<ol type='A'><li> yes</li><li>no</li></ol> ",
      "ValidAnswer": "[A,B]"
   },
   {
      "Sno": "Q52",
      "Question": "Below is the pattern to perform transformation on on-premise data already existing in D&A datalake-https://confluence.dts.fm.rbsgrp.net/display/DSDS/On+Premise+Transformation.\nTo perform transformation on cloud data already existing in D&A datalake-Compute as a service using spark-https://confluence.dts.fm.rbsgrp.net/pages/viewpage.action?pageId=669138302",
      "Options": "<ol type='A'><li> </li></ol> ",
	  "ValidAnswer": "[  ]"
   },
   {
      "Sno": "Q56",
      "Question": "Is your data present in D&A cloud or on-premise?",
      "Options": "<ol type='A'><li> on-premise</li><li>cloud</li></ol> ",
      "ValidAnswer": "[A,B]"
   },
   {
      "Sno": "Q57",
      "Question": "Since your data is present on cloud.How you want to consume your data?",
      "Options": "<ol type='A'><li> I have a machine learning/data science related use case</li><li>I want to do reporting</li><li>I want to integrate with other system</li></ol> ",
      "ValidAnswer": "[A,B,C]"
   },
   {
      "Sno": "Q37",
      "Question": "Please specify,how the data will be accessed/consumed by target system?",
      "Options": "<ol type='A'><li>Data will be consumed by other system(target system cloud)</li><li>Data will be consumed by other system(target system on-premise)</li><li>build extracts(small datasets) from existing data</li><li>reporting(Reporting )</li><li>Others</li></ol> ",
      "ValidAnswer": "[A,B,C,D,E]"
   },
   {
      "Sno": "Q38",
      "Question": "Please specify the process on how you want to consume data from D&A.",
      "Options": " ",
      "ValidAnswer": "[  ]"
   },
   {
      "Sno": "Q39",
      "Question": "Do you want to consume data in near real time?If yes what is the frequency of data being processed?",
      "Options": "<ol type='A'><li> yes</li><li>no</li></ol> ",
      "ValidAnswer": "[A,B]"
   },
   {
      "Sno": "Q53",
      "Question": "Template hlsd showing kafka-ods.(Template HLSD link needs to be attached here)",
      "Options": " ",
	  "ValidAnswer": "[  ]"
   },
   {
      "Sno": "Q40",
      "Question": "Is consumer(target) system within bank or external to the bank? \nwithin bank-self service read\noutside-handshake required to get the files",
      "Options": "<ol type='A'><li> Internal</li><li>External</li></ol> ",
      "ValidAnswer": "[A,B]"
   },
   {
      "Sno": "Q41",
      "Question": "Do you have writeback also involved?",
      "Options": "<ol type='A'><li> yes</li><li>no</li></ol> ",
      "ValidAnswer": "[A,B]"
   },
   {
      "Sno": "Q45",
      "Question": "Here is the link to template HLSD for doing reporting on-premise(EXISTING DATA)-(Link to template HLSD needs to be attached here)",
      "Options": " ",
      "ValidAnswer": "End"
   },
   {
      "Sno": "Q46",
      "Question": "Here is the link to template HLSD for doing reporting cloud using snowflake(EXISTING DATA)-(Link to template HLSD needs to be attached here)",
      "Options": " ",
      "ValidAnswer": "End"
   },
   {
      "Sno": "Q54",
      "Question": "Drop a mail to D&A engagement group as template hlsd not available",
      "Options": "  ",
      "ValidAnswer": "End"
   },
   {
      "Sno": "Q58",
      "Question": "Here is the link to template HLSD for building extracts on cloud-Template 7-1 - HLSD+ Front Page - EDH Design Governance - Confluence (rbsgrp.net)",
      "Options": " ",
      "ValidAnswer": "End"
   },
   {
      "Sno": "Q59",
      "Question": "Here is the link to your template HLSD for new data sourcing https://confluence.dts.fm.rbsgrp.net/pages/viewpage.action?pageId=1070008617",
      "Options": "<ol type='A'><li> Exit </li></ol> ",
      "ValidAnswer": "[ ]"
   },
   {
      "Sno": "Q60",
      "Question": "D&A encourages tenants to do self service  reporting using tools like tablaeu/thoughtspot etc based on the available liacenses.Are you fine using snowflake as a datastore and perform  self service reporting?",
      "Options": "<ol type='A'><li> yes</li><li>no we need to do reporting on on-premise data </li></ol> ",
      "ValidAnswer": "[A,B]"
   },
   {
      "Sno": "Q61",
      "Question": "Since you are choosing to use on-premise for reporting ,please justify the need and share plan to migrate to cloud as post q2 we would be migrating to cloud",
      "Options": "<ol type='A'><li> I have raised tech debt please continue</li><li>Exit</li></ol> ",
      "ValidAnswer": "[A,B]"
   },
   {
      "Sno": "Q62",
      "Question": "Does your requirement involves data discovery within d&a platforms or analysis of data already existing within D&A platforms? ",
	  "Options": "<ol type='A'><li> Discovery of data within D&A-Use case where tenants are not sure if the data is existing in d&a or not.Please visit EDH portal to find your data.Link for the same here:\n https://confluence.dts.fm.rbsgrp.net/display/CL/Enterprise+Data+Hub+-+EDH </li><li>Analysis of data existing within D&A-Use case where tenants wants some analyst from d&a to perform analysis on data as they want to extract some particular data existing within d&a or they are not sure  if the data resides in d&a or not and need help of data analyst to analyse the same</li><li>I have a different use-case</li></ol> ",
      "ValidAnswer": "[A,B,C]"
   },
   {
      "Sno": "Q63",
      "Question": "Here is the link to template HLSD for data integration with  target system residing on aws cloud-(Link to template HLSD needs to be attached here)",
      "Options": "<ol type='A'><li> </li></ol> ",
      "ValidAnswer": "End"
   },
   {
      "Sno": "Q64",
      "Question": "Here is the link to template HLSD for data integration with  target system residing on premise-(Link to template HLSD needs to be attached here)",
      "Options": "<ol type='A'><li> </li></ol> ",
      "ValidAnswer": "End"
   },
   {
      "Sno": "Q65",
      "Question": "Is your target system infrastructure on aws or other cloud platform?",
      "Options": "<ol type='A'><li> AWS</li><li>Other cloud,please specify</li></ol> ",
      "ValidAnswer": "[A,B]"
   },
   {
      "Sno": "Q66",
      "Question": "Here is the link to template HLSD for data integration with  target system residing on other public  cloud-(Link to template HLSD needs to be attached here)",
      "Options": "<ol type='A'><li> </li></ol> ",
      "ValidAnswer": "End"
   },
   {
      "Sno": "Q67",
      "Question": "Here is the link to template HLSD for building extracts on-premise-(Link to template HLSD needs to be attached here)",
      "Options": "<ol type='A'><li> </li></ol> ",
      "ValidAnswer": "End"
   },
   {
      "Sno": "Q68",
      "Question": "Here is the link to template HLSD for data consumption by a web application like bankline etc-(Link to template HLSD needs to be attached here)",
      "Options": "<ol type='A'><li> </li></ol> ",
      "ValidAnswer": "End"
   },
   {
      "Sno": "Q69",
      "Question": "Is your data present in D&A cloud or on-premise?",
      "Options": "<ol type='A'><li> On-premise</li><li>cloud</li></ol> ",
      "ValidAnswer": "[A,B]"
   },
   {
      "Sno": "Q71",
      "Question": "Data availability. Do we have it all in EDH already or will fresh sourcing be required?",
      "Options": "<ol type='A'><li> yes</li><li>no</li></ol> ",
      "ValidAnswer": "[A,B]"
   },
   {
      "Sno": "Q72",
      "Question": "Data quality...this is key to the models predictive capabilities. Is the DQ of an acceptable standard? If not, how/who remediates?",
      "Options": "<ol type='A'><li> yes</li><li>no</li></ol> ",
      "ValidAnswer": "[A,B]"
   },
   {
      "Sno": "Q73",
      "Question": "What is to be the frequency for model training, inference and retraining?",
      "Options": "<ol type='A'><li> </li></ol> ",
      "ValidAnswer": "[  ]"
   },
   {
      "Sno": "Q74",
      "Question": "Where do you want model to be hosted?",
      "Options": "<ol type='A'><li> On-premise</li><li>cloud</li></ol> ",
      "ValidAnswer": "[A,B]"
   },
   {
      "Sno": "Q75",
      "Question": "Are any processes required to be put in place to monitor the data when the model is live?\u00A0",
      "Options": "<ol type='A'><li> </li></ol> ",
      "ValidAnswer": "[    ]"
   },
   {
      "Sno": "Q76",
      "Question": "How the data will be processed?",
      "Options": "<ol type='A'><li> Batch</li><li>Micro-batch</li><li>Near real time</li></ol> ",
      "ValidAnswer": "[A,B,C]"
   },
   {
      "Sno": "Q77",
      "Question": "Does the model intend to use Feature Bank?",
      "Options": "<ol type='A'><li> yes</li><li>no</li></ol> ",
      "ValidAnswer": "[A,B]"
   },
   {
      "Sno": "Q78",
      "Question": "Is an uplift of new Features required? Examine existing content first\u00A0Data Design#FeatureBankDataDictionary\u00A0Contact mail is \"# Featurebank\"",
      "Options": "<ol type='A'><li> yes</li><li>no</li></ol> ",
      "ValidAnswer": "[A,B]"
   },
   {
      "Sno": "Q79",
      "Question": "How will model be exposed/called? ",
      "Options": "<ol type='A'><li> Rest API endpoint against Sagemaker</li><li>Event driven trigger</li><li>via Streamsets ETL</li><li>Lambda</li><li>AWS notifications</li></ol> ",
      "ValidAnswer": "[A,B,C,D,E]"
   },
   {
      "Sno": "Q80",
      "Question": "Is there any requirement for external 3rd party data?",
      "Options": "<ol type='A'><li> yes</li><li>no</li></ol> ",
      "ValidAnswer": "[A,B]"
   },
   {
      "Sno": "Q81",
      "Question": "Here is the link to template HLSD for Machine/Learning-(Link to template HLSD needs to be attached here)",
      "Options": "<ol type='A'><li> </li></ol> ",
      "ValidAnswer": "End"
   }
]
