[
   {
      "Sno": "Q1",
      "Question": "Which Business area you belong to? Please type options ( A OR B OR C etc.)",
      "Options": "<ol type='A'><li>   A.Data Innovation</li><li>                       B.Wealth Private Banking (Wealth / Premier / Affluent )</li><li>                       C.Fraud</li><li>                       D.FF&S: Customer Due Diligence</li><li>                       E.C&B Banking & NW Markets</li><li>                       F.Retail Analytics & Decisioning</li><li>                       G.Customer Data Delivery ( Cus DNA / E Privacy)</li><li>                       H.Risk & Finance</li><li>                       I.Platform Improvement Remediation.</li><li>                       J.Other</li></ol> ",
      "ValidAnswer": "[A,B,C,D,E,F,G,H,I,J]"
   },
   {
      "Sno": "Q2",
      "Question": "D&A encourages you to get in touch with your business spokes before raising request here. Jamie Allason is your engagement lead and Adam Jupp is business spoke for your department.",
      "Options": "<ol type='A'><li> Press  Y to continue</li></ol> ",
      "ValidAnswer": "[Y]"
   },
   {
      "Sno": "Q3",
      "Question": "D&A encourages you to get in t Corinne King is business spoke for your department. touch with your business spokes before raising request here. Neil Ford is your engagement lead and Corinne King is business spoke for your department. ",
      "Options": "<ol type='A'><li> Press  Y to continue</li></ol> ",
      "ValidAnswer": "[Y]"
   }
]
