[
   {
      "QAKey": "Q1",
      "NextQ": "Q1"
   },
   {
      "QAKey": "Q1!!!A",
      "NextQ": "Q2"
   },
   {
      "QAKey": "Q1!!!B",
      "NextQ": "Q3"
   },
   {
      "QAKey": "Q1!!!C",
      "NextQ": "Q4"
   },
   {
      "QAKey": "Q1!!!D",
      "NextQ": "Q5"
   },
   {
      "QAKey": "Q1!!!E",
      "NextQ": "Q6"
   },
   {
      "QAKey": "Q1!!!F",
      "NextQ": "Q7"
   },  
   {
      "QAKey": "Q1!!!G",
      "NextQ": "Q8"
   },
   {
      "QAKey": "Q2!!!A",
      "NextQ": "Q8"
   },
   {
      "QAKey": "Q3!!!A",
      "NextQ": "Q8"
   },
   {
      "QAKey": "Q4!!!A",
      "NextQ": "Q8"
   },
   {
      "QAKey": "Q5!!!A",
      "NextQ": "Q8"
   },
   {
      "QAKey": "Q6!!!A",
      "NextQ": "Q8"
   },
   {
      "QAKey": "Q7!!!A",
      "NextQ": "Q8"
   },  
   {
      "QAKey": "Q8!!!A",
      "NextQ": "Q62"
   }, 
   {
      "QAKey": "Q8!!!B",
      "NextQ": "23"
   },   
   {
      "QAKey": "Q62!!!A",
      "NextQ": "Q14"
   },   
   {
      "QAKey": "Q62!!!B",
      "NextQ": "Q15"
   },
   {
      "QAKey": "Q15!!!A",
      "NextQ": "Q84"
   },
   {
      "QAKey": "Q62!!!C",
      "NextQ": "Q9"
   },
   {
      "QAKey": "Q62!!!D",
      "NextQ": "Q42"
   },
   {
      "QAKey": "Q9",
      "NextQ": "Q25"
   },   
   
   {
      "QAKey": "Q11",
      "NextQ": "Q25"
   },
   {
      "QAKey": "Q25",
      "NextQ": "Q26"
   },
   {
      "QAKey": "Q26",
      "NextQ": "Q27"
   },
   {
      "QAKey": "Q27",
      "NextQ": "Q28"
   },
   {
      "QAKey": "Q28",
      "NextQ": "Q29"
   },
   {
      "QAKey": "Q84!!!A",
      "NextQ": "Q13"
   },
   {
      "QAKey": "Q29!!!A",
      "NextQ": "Q16"
   },
   {
      "QAKey": "Q29!!!B",
      "NextQ": "Q37"
   },      
   {
      "QAKey": "Q43!!!A",
      "NextQ": "Q46"
   },
   {
      "QAKey": "Q43!!!B",
      "NextQ": "Q44"
   },
   {
      "QAKey": "Q44!!!A",
      "NextQ": "Q45"
   },
   {
      "QAKey": "Q13!!!A",
      "NextQ": "Q55"
   },
   {
      "QAKey": "Q55!!!A",
      "NextQ": "Q51"
   },
   {
      "QAKey": "Q55!!!B",
      "NextQ": "Q57"
   },
   {
      "QAKey": "Q51!!!A",
      "NextQ": "Q36"
   },
   {
      "QAKey": "Q51!!!B",
      "NextQ": "Q56"
   },
   {
      "QAKey": "Q52",
      "NextQ": "Q37"
   },
   {
      "QAKey": "Q56!!!A",
      "NextQ": "Q30"
   },
   {
      "QAKey": "Q56!!!B",
      "NextQ": "Q31"
   },
   {
      "QAKey": "Q30!!!A",
      "NextQ": "Q37"
   },
   {
      "QAKey": "Q31!!!A",
      "NextQ": "Q37"
   },
   {
      "QAKey": "Q57!!!B",
      "NextQ": "Q60"
   },
   {
      "QAKey": "Q57!!!C",
      "NextQ": "Q58"
   },
   {
      "QAKey": "Q57!!!D",
      "NextQ": "Q59"
   },
   {
      "QAKey": "Q57!!!A",
      "NextQ": "Q71"
   },
   {
      "QAKey": "Q60!!!A",
      "NextQ": "Q93"
   },
   {
      "QAKey": "Q60!!!B",
      "NextQ": "Q61"
   },
   {
      "QAKey": "Q61!!!A",
      "NextQ": "Q88"
   },
   {
      "QAKey": "Q13!!!B",
      "NextQ": "Q16"
   },
   {
      "QAKey": "Q13!!!C",
      "NextQ": "Q14"
   },
   {
      "QAKey": "Q14!!!A",
      "NextQ": "Q82"
   },
   {
      "QAKey": "Q82!!!A",
      "NextQ": "Q83"
   },
   {
      "QAKey": "Q83!!!A",
      "NextQ": "Q11"
   },
   {
      "QAKey": "Q82!!!B",
      "NextQ": "Q11"
   },
   {
      "QAKey": "Q82!!!C",
      "NextQ": "Q15"
   },
   {
      "QAKey": "Q16!!!A",
      "NextQ": "Q17"
   },
   {
      "QAKey": "Q16!!!B",
      "NextQ": "Q18"
   },
   {
      "QAKey": "Q17",
      "NextQ": "Q21"
   },
   {
      "QAKey": "Q18!!!A",
      "NextQ": "Q21"
   },
   {
      "QAKey": "Q18!!!B",
      "NextQ": "Q19"
   },
   {
      "QAKey": "Q19!!!A",
      "NextQ": "Q21"
   },
   {
      "QAKey": "Q21!!!A",
      "NextQ": "Q24"
   },
   {
      "QAKey": "Q21!!!B",
      "NextQ": "Q22"
   },
   {
      "QAKey": "Q22!!!A",
      "NextQ": "Q24"
   },   
   {
      "QAKey": "Q24",
      "NextQ": "Q34"
   },
   {
      "QAKey": "Q34!!!A",
      "NextQ": "Q51"
   },
   {
      "QAKey": "Q34!!B",
      "NextQ": "Q32"
   },
   {
      "QAKey": "Q47!!!A",
      "NextQ": "Q31"
   },
   {
      "QAKey": "Q47!!!B",
      "NextQ": "Q35"
   },
   {
      "QAKey": "Q27!!!A",
      "NextQ": "Q28"
   },
   {
      "QAKey": "Q30!!!B",
      "NextQ": "Q37"
   },
   {
      "QAKey": "Q31!!!B",
      "NextQ": "Q37"
   },
   {
      "QAKey": "Q32!!!B",
      "NextQ": "Q37"
   },
   {
      "QAKey": "Q33",
      "NextQ": "Q63"
   },
   {
      "QAKey": "Q48!!!B",
      "NextQ": "Q37"
   },
   {
      "QAKey": "Q35!!!B",
      "NextQ": "Q37"
   },
   {
      "QAKey": "Q34A",
      "NextQ": "Q36"
   },
   {
      "QAKey": "Q34B",
      "NextQ": "Q35"
   },
   {
      "QAKey": "Q36!!!A",
      "NextQ": "Q56"
   },   
   {
      "QAKey": "Q33",
      "NextQ": "Q34"
   },   
   {
      "QAKey": "Q35!!!A",
      "NextQ": "Q36"
   },
   {
      "QAKey": "Q37!!!A",
      "NextQ": "Q85"
   }, 
   {
      "QAKey": "Q85!!!A",
      "NextQ": "Q40"
   },
   {
      "QAKey": "Q87!!!A",
      "NextQ": "Q40"
   },   
   {
      "QAKey": "Q37!!!C",
      "NextQ": "Q60"
   },
   {
      "QAKey": "Q37!!!D",
      "NextQ": "Q89"
   },
   {
      "QAKey": "Q37!!!E",
      "NextQ": "Q20"
   },
   {
      "QAKey": "Q37!!!F",
      "NextQ": "Q71"
   },   
   {
      "QAKey": "Q37!!!G",
      "NextQ": "Q87"
   },   
   {
      "QAKey": "Q37!!!H",
      "NextQ": "Q90"
   },     
   {
      "QAKey": "Q90!!!A",
      "NextQ": "Q84"
   },
   {
      "QAKey": "Q38",
      "NextQ": "Q54"
   },
   {
      "QAKey": "Q37!!!B",
      "NextQ": "Q86"
   },
   {
      "QAKey": "Q86!!!A",
      "NextQ": "Q40"
   },
   {
      "QAKey": "Q39!!!B",
      "NextQ": "Q40"
   },
   {
      "QAKey": "Q40",
      "NextQ": "Q41"
   },
   {
      "QAKey": "Q41",
      "NextQ": "Q84"
   },
   {
      "QAKey": "Q30",
      "NextQ": "Q64"
   },
   {
      "QAKey": "Q39!!!A",
      "NextQ": "Q48"
   },
   {
      "QAKey": "Q39!!!B",
      "NextQ": "Q40"
   },
   {
      "QAKey": "Q43!!!A",
      "NextQ": "Q14"
   },
   {
      "QAKey": "Q43!!!B",
      "NextQ": "Q15"
   },
   {
      "QAKey": "Q43!!!C",
      "NextQ": "Q16"
   },
   {
      "QAKey": "Q43!!!D",
      "NextQ": "Q37"
   },
   {
      "QAKey": "Q43!!!E",
      "NextQ": "Q44"
   },      
   
   {
      "QAKey": "Q42!!!A",
      "NextQ": "Q43"
   },   
   {
      "QAKey": "Q88!!!A",
      "NextQ": "Q84"
   },
   {
      "QAKey": "Q89!!!A",
      "NextQ": "Q84"
   },
   {
      "QAKey": "Q20!!!A",
      "NextQ": "Q84"
   }
   
]
