[
   {
      "Sno": "Q1",
      "Question": "Enter an option from A to G for relevant business area:<br></br>",
      "Options": "<ol type='A'><li> Data Innovation(DI)</li><li>Wealth Private Banking (WPB)</li><li>Fraud and Fin Crime(FFSA)</li><li>Commercial Banking(C&B)</li><li>Natwest Markets(NW)</li><li>Retail</li><li>Other</li></ol> ",
      "ValidAnswer": "[A,B,C,D,E,F,G]"
   },
   {
      "Sno": "Q2",
      "Question": "For Data Innovation, key contacts are:<ul><li><b>Engagement lead-</b>Jamie Allason</li><li><b>Business spoke-</b>Graham Smith</li></ul>Please reach out to them @  <a href='mailto:jamie.allason@natwest.com' target='_blank'>Jamie Allison</a> /<a href='mailto:graham.smith1@natwest.com' target='_blank'>Graham Smith</a><br></br>",
      "Options": "<ol type='A'><li> Enter A to continue for more</li><li><b>Exit</b> to end this chat</li></ol> ",
      "ValidAnswer": "[A,Exit]"
   },
   {
      "Sno": "Q3",
	  "Question": "For Wealth Private Banking, key contacts are:<ul><li><b>Engagement lead-</b>Gavin Skinner</li><li><b>Business spoke-</b>Graham Smith</li></ul>Please reach out to them @ <a href='mailto:gavin.skinner@natwest.com' target='_blank'>Gavin Skinner</a> /<a href='mailto:graham.smith1@natwest.com' target='_blank'>Graham Smith</a><br></br>",    
      "Options": "<ol type='A'><li> Enter A to continue for more</li><li> <b>Exit</b> to end this chat</li></ol> ",
      "ValidAnswer": "[A,Exit]"
   },
   {
      "Sno": "Q4",
	  "Question": "For Fraud and Fin Crime, key contacts are:<ul><li><b>Engagement lead-</b>Neil Ford</li><li><b>Business spoke-</b>Corinne King</li></ul>Please reach out to them @  <a href='mailto:neil.ford@natwest.com' target='_blank'>Neil Ford</a> /<a href='mailto:corinne.king@natwest.com' target='_blank'>Corinne King</a><br></br>",     
      "Options": "<ol type='A'><li> Enter A to continue for more </li><li> <b>Exit</b> to end this chat</li></ol> ",
      "ValidAnswer": "[A,Exit]"
   },
   {
      "Sno": "Q5",
	  "Question": "For Commercial Banking, key contacts are:<ul><li><b>Engagement lead-</b>Stephen Connelly</li><li><b>Business spoke-</b>Raja</li></ul>Please reach out to them @  <a href='mailto:stephen.connelly@natwest.com' target='_blank'>Stephen Connelly</a> /<a href='mailto:graham.smith1@natwest.com' target='_blank'>Graham Smith</a><br></br>",      
      "Options": "<ol type='A'><li> Enter A to continue for more</li><li> <b>Exit</b> to end this chat</li></ol> ",
      "ValidAnswer": "[A,Exit]"
   },
   {
      "Sno": "Q6",
	  "Question": "For Natwest Markets, key contacts are:<ul><li><b>Engagement lead-</b>Stephen Connelly</li><li><b>Business spoke-</b>Raja</li></ul>Please reach out to them @  <a href='mailto:stephen.connelly@natwest.com' target='_blank'>Stephen Connelly</a> /<a href='mailto:graham.smith1@natwest.com' target='_blank'>Graham Smith</a><br></br>",      
      "Options": "<ol type='A'><li> Enter A to continue for more</li><li> <b>Exit</b> to end this chat</li></ol> ",
      "ValidAnswer": "[A,Exit]"
   },
   {
      "Sno": "Q7",
	  "Question": "For Retail, key contacts are:<ul><li><b><b>Engagement lead-</b></b>Keith Hill</li><li><b>Business spoke-</b>Karen Dewar</li></ul>Please reach out to them @  <a href='mailto:keith.hill@natwest.com' target='_blank'>Keith Hill</a> /<a href='mailto:karen.dewar@natwest.com' target='_blank'>Karen Dewar</a><br></br>",      
      "Options": "<ol type='A'><li> Enter A to continue for more</li><li> <b>Exit</b> to end this chat</li></ol> ",
      "ValidAnswer": "[A,Exit]"
   },   
   {
      "Sno": "Q8",
      "Question": "Choose an option from below: Select <li><b>Option A:</b>If you want to raise a new work request and also generate template HLSD</li><li><b>Option B:</b>If you want to have a look at template hlsd's available within D&A</li><b>Enter A/B</b><br></br>",
      "Options": "<ol type='A'><li>Understand D&A processes and generate relevant template HLSD</li><li>Get relevant template HLSD</li></ol> ",
      "ValidAnswer": "[A,B]"
   },
   {
      "Sno": "Q9",
      "Question": "Please describe your use case and also share confluence/sharepoint link(if any)to give more insights into your usecase.<br></br>",
      "Options": "<ol type='A'><li> Provide information and continue</li><li>Enter <b>Exit</b> to end this chat</li></ol> ",
      "ValidAnswer": "[  ]"
   },
   {
      "Sno": "Q11",
      "Question": "To help you with further asessment of your work request,please provide following information-                  <ul><li>Describe your use case</li><li>Also,share existing link(confluence/SharePoint) like data flow diagram,design diagram,business context diagram etc.</li></ul><br></br>",
      "Options": "<ol type='A'><li> Provide information and continue</li><li>Enter <b>Exit</b> to end this chat</li></ol> ",
      "ValidAnswer": "[  ]"
   },   
   {
      "Sno": "Q25",
      "Question": "What is the expected tier of your application?               <ul><li>D&A supports tier 3 applications and in some cases tier 2 as well.In case your application belongs to tier 1 then detailed discussions would be required. <li>Find D&A platforms service supported tier information at:<a href='https://confluence.dts.fm.rbsgrp.net/pages/viewpage.action?pageId=595207957#ISBIA&CIInfo' target='_blank'> <b>Supported Tiering within D&A</b></a></li></ul><br></br>",
      "Options": "<ol type='A'><li> Provide <b>tier information</b> and continue</li><li>Enter <b>Exit</b> to end this chat</li></ol>",
      "ValidAnswer": "[  ]"
   },
   {
      "Sno": "Q26",
      "Question": "Provide <b>ISBIA number</b> and <b>CIA</b> ratings for your application.           <ul><li> Refer this link for more information at:                                      <a href='https://confluence.dts.fm.rbsgrp.net/display/EDG/CIA+summary' target='_blank'><b>Supported CIA ratings of D&A platforms</b></a> </li></ul><br></br>",
      "Options": "<ol type='A'><li> Provide <b>details</b> and continue</li><li>Enter <b>Exit</b> to end this chat</li></ol> ",
      "ValidAnswer": "[  ]"
   },
   {
      "Sno": "Q27",
      "Question": "What is the calculated PIA score for your application?    <ul><li>Refer this link for more information at:                              <a href='https://intranet.rbsres01.net/Legal/PrivacyandClientConfidentiality/Pages/default.aspx' target='_blank'><b>PIA Score Calcuation</b> </a></li></ul><br></br>",
      "Options": "<ol type='A'><li> Provide PIA and continue</li><li>Enter <b>Exit</b> to end this chat</li></ol> ",
      "ValidAnswer": "[  ]"
   },
   {
      "Sno": "Q28",
      "Question": "Summarize the non-functional requirements eg.user batch concurrency, data retention period, Batch SLA etc.? <ul><li>Refer this link for more information at:                 <a href='https://confluence.dts.fm.rbsgrp.net/display/EDG/Draft+Non+Functional+Requirements' target='_blank'><b>NFR Information Link</b> </a></li></ul><br></br>",
      "Options": "<ol type='A'><li>Provide NFR's and continue</li><li>Enter <b>Exit</b> to end this chat</li></ol> ",
      "ValidAnswer": "[  ]"
   },
   {
      "Sno": "Q29",
      "Question": "Do you need to onboard new data into D&A stores before consumption?<b>Enter A/B</b><br></br>",
      "Options": "<ol type='A'><li>Yes</li><li>No,my data is existing </li></ol>",
      "ValidAnswer": "[A,B]"
   },   
   {
      "Sno": "Q13",
      "Question": "Please answer following to generate relevant template HLSD.                       <li>Is your data existing within D&A stores e.g hadoop datalakes/Snowflake etc?.</li><b>Enter A/B</b><br></br>",
      "Options": "<ol type='A'><li> Yes</li><li>No </li></ol> ",
      "ValidAnswer": "[A,Exit]"
   },
   {
      "Sno": "Q14",
      "Question": "To find your data,refer <li><b>EDH  Data Portal</b> at- <a href='https://confluence.dts.fm.rbsgrp.net/display/CL/Enterprise+Data+Hub+-+EDH' target='_blank'>EDH Data portal</a></li><li><b>Payments Data:</b> at- <a href='https://confluence.dts.fm.rbsgrp.net/display/DSI/Payments+Data+Library+-+Guide' target='_blank'>Payments Data library</a><br></br>",
      "Options": "<ol type='A'><li> Enter A to continue for more</li><li> <b>Exit</b> to end this chat</li></ol> ",
      "ValidAnswer": "[A,Exit]"
   },
   {
      "Sno": "Q15",
      "Question": "We highly recommend you to get in touch with business spoke to get a DA assigned as your request involves data analysis to find if data is existing  in D&A or not.Reply with <b>Exit</b> to end the chat and talk to spoke<br></br>",
      "Options": "<ol type='A'><li> Enter A to raise work request</li><li> Press <b>Exit</b> to end chat</li></ol> ",
      "ValidAnswer": "[A,Exit]"
   },   
   {
      "Sno": "Q16",
      "Question": "Are the sources you want to ingest golden data sources?<ul><li> <b>Golden Source:</b> Master Source for a defined set of data or a GSWG (Golden Source Working Group) approved copy of that Master.</li><li>Refer golden source register at - <a href='https://intranet.rbsres01.net/ManagingRecordsData/DataZone/RBS-Data-KNowledgebase/Pages/Master-and-Golden-Sources.aspx' target='_blank'>Golden Source Register </a> </li></ul><b>Enter A/B</b><br></br>",
      "Options": "<ol type='A'><li>Yes</li><li>No</li></ol> ",
      "ValidAnswer": "[A,B]"
   },
   {
      "Sno": "Q17",
      "Question": "Mention the <b>golden source system id</b> from golden source reqister and specify <b>additional fields</b> to be sourced<br></br>",
      "Options": "<ol type='A'><li> Provide required information and continue</li><li>Enter <b>Exit</b> to end this chat</li></ol> ",
      "ValidAnswer": "[  ]"
   },
   {
      "Sno": "Q18",
      "Question": "What is the mitigation plan to move to golden data source?Have you raised <b>Technical Debt</b> for D&A approval?                    <b>Enter A/B</b><br></br>",
      "Options": "<ol type='A'><li>  Yes, I have already done </li><li>No,Please provide link </li></ol> ",
      "ValidAnswer": "[A,B]"
   },
   {
      "Sno": "Q19",
      "Question": "Refer this link for more information at:<a href='https://confluence.dts.fm.rbsgrp.net/display' target='_blank'>Raise Technical Debt</a><br></br>",
      "Options": "<ol type='A'><li> Enter A to continue for more</li><li><b>Exit</b> to end this chat</li></ol> ",
      "ValidAnswer": "[A,Exit]"
   },
   {
      "Sno": "Q21",
      "Question": "Is there any sensitive/ secret data involved?<ul><li>D&A only support data classification up to confidential. In case your data is secret classified then please reach out to spoke leads or tower leads for further guidance.</li></ul><b>Enter A/Exit </b> <br></br>",
      "Options": "<ol type='A'><li> No,secret data is not involved continue</li><li><b>Exit</b> to end this chat</li></ol> ",
      "ValidAnswer": "[A,Exit]"
   },
   {
      "Sno": "Q22",
      "Question": "To bring secret data into the D&A datalake you might have to go through an <b>additional assessment</b>.We may require more information before allowing secret data into D&A platforms. <b>Enter A/Exit </b> <br></br>",
      "Options": "<ol type='A'><li> Enter A to continue for more</li><li> <b>Exit</b> to end this chat</li></ol> ",
      "ValidAnswer": "[A,Exit]"
   },  
   {
      "Sno": "Q24",
      "Question": "<ul><li><b>Enterprise Data:</b> Data which has a usage for enterprise wide use-cases like Customer Data, Account Data etc.</li><li><b>Non Enterprise Data:</b>Domain Specific data whose usecase is limited to a project team within a Domain e.g. Fraud/ Risk etc.</li></ul> <b>Enter A/B</b> to specify the type of new data you wish to onboard<br></br>",
      "Options": "<ol type='A'><li> Enterprise data</li><li>Non Enterprise Data</li></ol> ",
      "ValidAnswer": "[   ]"
   },
   {
      "Sno": "Q34",
      "Question": "Are source system producing data in streams(real time) or batch(job executes once in a day at specific time)?                                <b>Enter A/B</b><br></br>",
      "Options": "<ol type='A'><li>Batch</li><li>Streams</li></ol> ",
      "ValidAnswer": "[A,B]"
   },   
   {
      "Sno": "Q30",
	  "Question": "Refer this link for more information on ingest patterns into on-premise D&A stores:<ol><li><b>Enterprise data:</b></li><ul><li><a href='https://confluence.dts.fm.rbsgrp.net/display/DSDS/Managed+Batch+Ingest' target='_blank'>Managed batch Ingestion</a></li></ul><li><b>Non Enterprise data:</b></li><ul><li><a href='https://confluence.dts.fm.rbsgrp.net/display/DSDS/Federated+On+Premise+Batch+File+Ingest' target='_blank'>Federated Batch File Ingest</a></li><li><a href='https://confluence.dts.fm.rbsgrp.net/display/DSDS/Federated+Batch+Ingest+from+SQL+Store' target='_blank'>Federated On Premise Batch Ingest from SQL Store</a></li></ul></ol><br></br>",
      "Options": "<ol type='A'><li> Enter A to continue for more</li><li> <b>Exit</b> to end this chat</li></ol>",
      "ValidAnswer": "[A,Exit]"
   },
   {
      "Sno": "Q31",
	  "Question": "Refer this link for more information on ingest patterns into cloud D&A stores:<ol><li><b>Enterprise data:</b></li><ul><li><a href='https://confluence.dts.fm.rbsgrp.net/display/DSDS/EL2+-+Direct+Ingest+from+On-Prem+to+Snowflake' target='_blank'>Direct Ingest from On-Prem to Snowflake</a></li><li><a href='https://confluence.dts.fm.rbsgrp.net/display/DSDS/Managed+Stream+Ingest+using+Streamsets+Data+Collector' target='_blank'>Managed Stream Ingest using Streamsets Data Collector</a></li></ul><li><b>Non Enterprise Data:</b></li><ul><li><a href='https://confluence.dts.fm.rbsgrp.net/display/DSDS/Federated+On+Premise+SQL+Store+Ingest+directly+to+Cloud' target='_blank'>Federated On Premise SQL Store Ingest directly to Cloud</a></li><li><a href='https://confluence.dts.fm.rbsgrp.net/display/DSDS/FBI3+-+Ingest+into+Snowflake+from+Domain+Store+%28GCP%29+using+Copy+Into' target='_blank'>Ingest into Snowflake from Domain Store (GCP) using Copy Into</a></li></ul></ol><br></br>",
      "Options": "<ol type='A'><li> Enter A to continue for more</li><li> <b>Exit</b> to end this chat</li></ol>",
      "ValidAnswer": "[A,Exit]"
   },    
   {
      "Sno": "Q51",
      "Question": "Do you want to perform processing on new data being brought before consuming?<b>Enter A/B</b>",
      "Options": "<ol type='A'><li> Yes</li><li>No</li></ol> ",
      "ValidAnswer": "[A,B]"
   },
   {
      "Sno": "Q36",
	  "Question": "Refer this link for patterns to transform new data being brought <ol><li><b>Enterprise/Non-enterpise data into D&A On-premise:</b><ul><li>When transform logic is complex and suited for RDMS:<a href='https://confluence.dts.fm.rbsgrp.net/display/DSDS/Transform+at+Source' target='_blank'>Transform at source</a></li><li>When transform logic is simple:<a href='https://confluence.dts.fm.rbsgrp.net/display/DSDS/Extract-Load-Transform' target='_blank'>Extract-load-transform</a></li><li>Dedicated high performance compute frameworks (e.g. Spark):<a href='https://confluence.dts.fm.rbsgrp.net/pages/viewpage.action?pageId=669138302' target='_blank'>Compute as a service using spark</a></li></ul><li><b>Enterprise data into D&A cloud:</b></li><ul><li><a href='https://confluence.dts.fm.rbsgrp.net/display/DSDS/DIP11.+Managed+Stream+Processing' target='_blank'>Managed Stream Processing</a></li></ul><li><b>Non Enterprise data into D&A cloud:</b></li><ul><li><a href='https://confluence.dts.fm.rbsgrp.net/display/DSDS/DIP10.+Domain+Stream+Processing' target='_blank'>Federated Stream Processing</a></li></ul></ol><br></br>",
      "Options": "<ol type='A'><li> Enter A to continue for more</li><li> <b>Exit</b> to end this chat</li></ol>",
	  "ValidAnswer": "[A,Exit]"
   },   
   {
      "Sno": "Q56",
      "Question": "Do you want to ingest data into D&A cloud store or D&A On-premise store?<b>Enter A/B</b><br></br>",
      "Options": "<ol type='A'><li> D&A On-premise store</li><li>D&A Cloud store</li></ol> ",
      "ValidAnswer": "[A,B]"
   },   
   {
      "Sno": "Q37",
      "Question": "Select an option for data consumption from A to H<br></br>",
      "Options": "<ol type='A'><li>Build  extracts for downstream(system on cloud)</li><li>Build extracts for downstream(system on-premise)</li><li>Reporting</li><li>Api to push data into web application</li><li>Perform data anlalysis using SQL Querying tool</li><li>Data Science/Machine learning</li><li>Data archival and Data Migration to AWS</li><li>Others</li></ol>",
      "ValidAnswer": "[A,B,C,D,E,F,G,H]"
   },   
   {
      "Sno": "Q62",
      "Question": "Choose an option from A to D<br></br>",
      "Options": "<ol type='A'><li> Browse the existing D&A data catalogue</li><li>Analyse existing data</li><li>Batch/Streaming-New Data onboarding in D&A and data consumption/Reporting</li><li>I want to understand more about these options</li></ol><br></br> ",
      "ValidAnswer": "[A,B,C,D]"
   },
   {
      "Sno": "Q42",
      "Question": "More information about above options:<ol><li><b>Find,existing data within D&A stores:</b>Use case where user wants to find out if a particular data is existing within D&A data stores or not</li><li><b>Analyse existing data-</b> Use case where user wants to perform further analysis on data existing within D&A stores to find particular fields etc</li><li><b> Batch/streaming:-New Data onboarding in D&A and data consumption/ Reporting-</b>Use case where user wants to onboard a new data source using a batch job/as streams(real time events)  and consume using following means:api to fetch data from hadoop,data integrated with other systems,build extracts(small datasets) from existing data,Reporting,Data science/machine learning,Data Integration,data archival etc.</li></ol><br></br>",
      "Options": "<ol type='A'><li> Enter A to continue for more</li><li><b>Exit</b> to end this chat</li></ol>",
      "ValidAnswer": "[A,Exit]"
   },
   {
      "Sno": "Q43",
      "Question": "Hope you are clear with the above scenarios and able to choose your use case.                                     Select an option from A to E:<br></br>",
	  "Options": "<ol type='A'><li> Find,existing data within D&A stores?</li><li>Analyse existing data</li><li><b>Batch/Streaming-</b>-New Data onboarding in D&A for consumption/ Reporting</li><li>Consuming/Reporting existing data in D&A</li><li>I want to <b>Exit</b> and raise request manually as my use case not listed here</li></ol><br></br> ",
      "ValidAnswer": "[A,B,C,D,E]"
   },
   {
      "Sno": "Q44",
      "Question": "Since your use case is not listed,please drop a mail to D&A engagement group to raise work request and take it ahead.<br></br>",
      "Options": "<ol type='A'><li> Enter <b>Exit</b> to end this chat</li></ol> ",
      "ValidAnswer": "[Exit]"
   },  
   {
      "Sno": "Q69",
      "Question": "Is your data present in D&A cloud or on-premise?<b>Enter A/B</b><br></br>",
      "Options": "<ol type='A'><li> On-premise</li><li>Cloud</li></ol> ",
      "ValidAnswer": "[A,B]"
   },
   {
      "Sno": "Q71",
      "Question": "<b>Data Availability:</b> Do we have it all in EDH already or will fresh sourcing be required?<b>Enter A/B</b><br></br>",
      "Options": "<ol type='A'><li> Yes</li><li>No</li></ol> ",
      "ValidAnswer": "[A,B]"
   },
   {
      "Sno": "Q72",
      "Question": "<b>Data Quality:</b>-Is the DQ of an acceptable standard? If not, how/who remediates?<br></br>",
      "Options": "<ol type='A'><li> Provide <b>information</b> and continue</li><li>Enter <b>Exit</b> to end this chat</li></ol>",
      "ValidAnswer": "[  ]"
   },
   {
      "Sno": "Q73",
      "Question": "What is to be the frequency for model training, inference and retraining?<b>Enter A/B</b><br></br>",
      "Options": "<ol type='A'><li> Provide <b>information</b> and continue</li><li>Enter <b>Exit</b> to end this chat</li></ol> ",
      "ValidAnswer": "[  ]"
   },
   {
      "Sno": "Q74",
      "Question": "Where do you want model to be hosted?<b>Enter A/B</b><br></br>",
      "Options": "<ol type='A'><li> On-premise</li><li>Cloud</li></ol> ",
      "ValidAnswer": "[A,B]"
   },
   {
      "Sno": "Q75",
      "Question": "Are any processes required to be put in place to monitor the data when the model is live?<br></br>",
      "Options": "<ol type='A'><li> Provide <b>information</b> and continue</li><li>Enter <b>Exit</b> to end this chat</li></ol> ",
      "ValidAnswer": "[  ]"
   },
   {
      "Sno": "Q76",
      "Question": "How the data will be processed?<b>Enter A/B/C</b><br></br>",
      "Options": "<ol type='A'><li><b> Batch</b></li><li><b>Micro-batch</b></li><li><b>Near real time</b></li></ol> ",
      "ValidAnswer": "[A,B,C]"
   },
   {
      "Sno": "Q77",
      "Question": "Does the model intend to use Feature Bank?<b>Enter A/B</b><br></br>",
      "Options": "<ol type='A'><li> Yes</li><li>No</li></ol> ",
      "ValidAnswer": "[A,B]"
   },
   {
      "Sno": "Q78",
      "Question": "Is an uplift of new Features required? Examine existing content first.<b>Enter A/B</b> <br></br>",
      "Options": "<ol type='A'><li> Yes</li><li>No</li></ol> ",
      "ValidAnswer": "[A,B]"
   },
   {
      "Sno": "Q79",
      "Question": "How will model be exposed/called?Select an option from A to E<br></br> ",
      "Options": "<ol type='A'><li> Rest API endpoint against Sagemaker</li><li>Event driven trigger</li><li>via Streamsets ETL</li><li>Lambda</li><li>AWS Notifications</li></ol><br></br> ",
      "ValidAnswer": "[A,B,C,D,E]"
   },
   {
      "Sno": "Q80",
      "Question": "Is there any requirement for external 3rd party data?<b>Enter A/B</b><br></br>",
      "Options": "<ol type='A'><li> Yes</li><li>No</li></ol> ",
      "ValidAnswer": "[A,B]"
   },
   {
      "Sno": "Q81",
      "Question": "Here is the link to template HLSD for Machine/Learning-(Link to template HLSD needs to be attached here)<br></br>",
      "Options": " ",
      "ValidAnswer": "[Exit]"
   },
   {
      "Sno": "Q82",
      "Question": "As per EDH portal,does D&A store contains the required data?<b>Enter A/B/C</b><br></br>",
      "Options": "<ol type='A'><li>Yes</li><li>No</li><li>Not sure</li></ol> ",
      "ValidAnswer": "[A,B,C]"
   },
   {
      "Sno": "Q83",
      "Question": "If you need access, Raise <b>RITM</b> for required database at: <a href='https://rbos.service-now.com/myserviceportal?id=sc_category&sys_id=ce961014dbc3bfc0668a365b689619f2' target='_blank'>Big data Hadoop platform support</a><br></br>",
      "Options": "<ol type='A'><li> Enter A to continue for more</li><li> <b>Exit</b> to end this chat</li></ol>",
      "ValidAnswer": "[A,Exit]"
   },
   {
      "Sno": "Q84",
      "Question": "You can now generate a pdf and submit it to @ Engagement group :<a href='mailto:fm-032571@rbos.co.uk' target='_blank'><b>~ DAT_BusinessEngagement</b></a> for work request initiation.<br></br>",
      "Options": "<ol type='A'><li> <b>Exit</b> to end this chat</li></ol>",
      "ValidAnswer": "[Exit]"
   },  
   {
      "Sno": "Q70",
      "Question": "You can now generate a pdf and submit it to @ Engagement group :<a href='mailto:fm-032571@rbos.co.uk' target='_blank'><b>~ DAT_BusinessEngagement</b></a> for work request initiation.<br></br>",
      "Options": "<ol type='A'><li>Enter A for relevant template HLSD generation</li><li> <b>Exit</b> to end this chat</li></ol>",
      "ValidAnswer": "[Exit]"
   },  
  
   {
      "Sno": "Q20",
	  "Question": "Template HLSD for 'Data egress using SQL querying tool:'<ol><li><b>Refer link for template HLSD based on type of your data:</b></li><ul><li><a href='https://confluence.dts.fm.rbsgrp.net/pages/viewpage.action?pageId=1070008617' target='_blank'>Non Enterprise data</a></li><li><a href='https://confluence.dts.fm.rbsgrp.net/pages/viewpage.action?pageId=1078537598' target='_blank'>Enterprise data</a></li></ul><li><b>Link for reference HLSD:</b></li><ul><li><a href='https://confluence.dts.fm.rbsgrp.net/display/DSDS/2021-11-12+DES+CoE+Data+Design+Authority+Meeting' target='_blank'>EDHA 1564:Data migration to snowflake + Data Integration + Federated Cloud Datamart + SQL Querying Tool</a></b><li></ul><br></br>",
      "Options": "<ol type='A'><li>Enter A to raise work request</li><li><b>Exit</b> to end this chat</li></ol> ",
      "ValidAnswer": "[A,Exit]"
   },
   {
      "Sno": "Q85",
	  "Question": "Template HLSD for 'Data will be consumed by Downstream application on cloud:'<ol><li><b>Refer link for template HLSD based on type of your data:</b></li><ul><li><a href='https://confluence.dts.fm.rbsgrp.net/pages/viewpage.action?pageId=1078537685' target='_blank'>Non Enterprise data</a></li><li><a href='https://confluence.dts.fm.rbsgrp.net/pages/viewpage.action?pageId=1070016978' target='_blank'>Enterprise data</a></li></ul><li><b>Link for reference HLSD:</b></li><ul><li><a href='https://confluence.dts.fm.rbsgrp.net/display/EDG/2021-11-02+Agenda+and+Minutes' target='_blank'>EDHA 1618:DLR + Downstream system on cloud + API</a></li><li><a href='https://confluence.dts.fm.rbsgrp.net/display/EDG/2022-01-20+Agenda+and+Minutes' target='_blank'>DAFL 1997:Teradata To Snowflake + Downstream System On Cloud + Model Execution On AWS + Results Persisted Onpremise</a></li><li><a href='https://confluence.dts.fm.rbsgrp.net/display/EDG/2022-01-18+Agenda+and+Minutes' target='_blank'>EDHA 1650:Data Migration + Reporting + Downstream system on cloud</a></li></ul></ol><br></br>",
      "Options": "<ol type='A'><li>Enter A to raise work request</li><li><b>Exit</b> to end this chat</li></ol> ",
      "ValidAnswer": "[A,Exit]"
   },
   {
      "Sno": "Q86",
	  "Question": "Template HLSD for 'Data will be consumed by Downstream application on-premise:'<ol><li><b>Refer link for template HLSD based on type of your data:</b></li><ul><li><a href='https://confluence.dts.fm.rbsgrp.net/pages/viewpage.action?pageId=1078537685' target='_blank'>Non Enterprise data</a></li><li><a href='https://confluence.dts.fm.rbsgrp.net/pages/viewpage.action?pageId=1070016978' target='_blank'>Enterprise data</a></li></ul><li><b>Link for reference HLSD:</b></li><ul><li><a href='https://confluence.dts.fm.rbsgrp.net/display/DSDS/2021-02-19+DES+CoE+Data+Design+Authority+Meeting' target='_blank'>EDHA 1363:Downstream system onpremise + Informatica BDM + Reporting</a></li><li><a href='https://confluence.dts.fm.rbsgrp.net/display/DSDS/2021-05-21+DES+CoE+Data+Design+Authority+Meeting' target='_blank'>EDHA 1427:Data extract for downstream system</a></li></ul></ol><br></br>",
      "Options": "<ol type='A'><li>Enter A to raise work request</li><li><b>Exit</b> to end this chat</li></ol> ",
      "ValidAnswer": "[A,Exit]"
   },   
   {
      "Sno": "Q88",
	  "Question": "Template HLSD for 'Data egress using Reporting tool on-premise:'<ol><li><b>Refer link for template HLSD based on type of your data:</b></li><ul><li><a href='https://confluence.dts.fm.rbsgrp.net/pages/viewpage.action?pageId=1070008617' target='_blank'>Non Enterprise data + Reporting</a></li><li><a href='https://confluence.dts.fm.rbsgrp.net/pages/viewpage.action?pageId=1078537598' target='_blank'>Enterprise data + Reporting</a></li></ul><li><b>Link for reference HLSD:</b></li><ul><li><a href='https://confluence.dts.fm.rbsgrp.net/display/DSDS/2021-02-26+DES+CoE+Data+Design+Authority+Meeting' target='_blank'>EDHA 1282:Informatica BDM + Streamsets transformer + Reporting</a></li><li><a href='https://confluence.dts.fm.rbsgrp.net/display/DSDS/2021-11-26+DES+CoE+Data+Design+Authority+Meeting' target='_blank'>EDHA 1605:ECS + Spark + EAS + Reporting</a></li><li><a href='https://confluence.dts.fm.rbsgrp.net/display/DSDS/2021-02-19+DES+CoE+Data+Design+Authority+Meeting' target='_blank'>EDHA 1363:Downstream system onpremise + Informatica BDM + Reporting</a></li></ul></ol><br></br>",
      "Options": "<ol type='A'><li>Enter A to raise work request</li><li><b>Exit</b> to end this chat</li></ol> ",
      "ValidAnswer": "[A,Exit]"
   },
   {
      "Sno": "Q89",
	  "Question": "Template HLSD for 'Data egress using api into web application:'<ol><li><b>Refer link for template HLSD based on type of your data:</b></li><ul><li><a href='https://confluence.dts.fm.rbsgrp.net/pages/viewpage.action?pageId=1070008617' target='_blank'>Non Enterprise data </a></li><li><a href='https://confluence.dts.fm.rbsgrp.net/pages/viewpage.action?pageId=1078537598' target='_blank'>Enterprise data</a></li></ul><li><b>Link for reference HLSD:</b><ul><li><a href='https://confluence.dts.fm.rbsgrp.net/pages/viewpage.action?pageId=988364611' target='_blank'>MSB Agile Apps</a></li><li><a href='https://rbsworkspace.sharepoint.com/sites/CustomerDNA/Shared%20Documents/Forms/AllItems.aspx?id=%2Fsites%2FCustomerDNA%2FShared%20Documents%2FGeneral%2FGeneral%20%2D%202021%2FCommercial%20Banking%2FRelease%204%2FHLSD%2FCDNA%20SBP%20Payment%20Data%20Sourcing%20%2DDesign%2Dv1%2E1%2Epdf&parent=%2Fsites%2FCustomerDNA%2FShared%20Documents%2FGeneral%2FGeneral%20%2D%202021%2FCommercial%20Banking%2FRelease%204%2FHLSD&p=true' target='_blank'>CDNA TACTICAL FOR SPB</a></li><li><a href='https://confluence.dts.fm.rbsgrp.net/display/EDG/2021-11-02+Agenda+and+Minutes' target='_blank'>EDHA 1618:DLR + Downstream system on cloud + API</a></li></ul></ol><br></br>",
      "Options": "<ol type='A'><li>Enter A to raise work request</li><li><b>Exit</b> to end this chat</li></ol> ",
      "ValidAnswer": "[A,Exit]"
   },
   {
      "Sno": "Q90",
      "Question": "Since,your consumption type is not listed,please specify how you want to consume data<br></br>",
      "Options": "<ol type='A'><li>Enter details and continue to raise work request</li><li><b>Exit</b> to end this chat</li></ol> ",
      "ValidAnswer": "[A,Exit]"
   },
   {
      "Sno": "Q23",
      "Question": "Refer this link to find relevant HLSD for use case similar to yours:<a href='https://confluence.dts.fm.rbsgrp.net/display/EDG/HLSD+Reference' target='_blank'><b>Reference HLSD'S link</b></a><br></br>",
      "Options": "<ol type='A'><li><b>Exit</b> to end this chat</li></ol> ",
      "ValidAnswer": "[<b>Exit</b>]"
   },
   {
      "Sno": "Q52",
      "Question": "Refer this link for more information on patterns to transform existing data:</ul><li><a href='https://confluence.dts.fm.rbsgrp.net/display/DSDS/On+Premise+Transformation' target='_blank'> <b>Tranforming existing data within D&A datalake on-premise</b></li><li><a href='https://confluence.dts.fm.rbsgrp.net/pages/viewpage.action?pageId=669138302' target='_blank'> <b>Tranforming existing data within D&A datalake Cloud</b></a></li></ul><br></br>",
      "Options": "<ol type='A'><li> Enter A to continue for more</li><li> <b>Exit</b> to end this chat</li></ol>",
	  "ValidAnswer": "[A,Exit]"
   },
   {
      "Sno": "Q55",
      "Question": "Is your data existing within D&A cloud store or D&A On-premise store?<b>Enter A/B </b><br></br>",
      "Options": "<ol type='A'><li> D&A On-premise store</li><li>D&A Cloud store</li></ol> ",
      "ValidAnswer": "[A,Exit]"
   },
   {
      "Sno": "Q91",
      "Question": "Do you want to perform processing on existing data in D&A before consuming?<b>Enter A/B </b><br></br>",
      "Options": "<ol type='A'><li> Yes</li><li>No</li></ol> ",
      "ValidAnswer": "[A,B]"
   },
   {
      "Sno": "Q87",
	  "Question": "Template HLSD for 'Batch- Onpremise data archival + Data Migration to cloud :'<ol><li><b>Refer link for template HLSD:</b></li><ul><li><a href='https://confluence.dts.fm.rbsgrp.net/pages/viewpage.action?pageId=1078537685' target='_blank'>Non Enterprise data + Reporting</a></li><li><a href='https://confluence.dts.fm.rbsgrp.net/pages/viewpage.action?pageId=1070016978' target='_blank'>Enterprise data + Reporting</a></li></ul><li><b>Link for reference HLSD:</b></li><li><a href='https://confluence.dts.fm.rbsgrp.net/pages/viewpage.action?pageId=977750065' target='_blank'>Columbus:Data Migration + Data persistance to EDW</a></li><li><a href='https://confluence.dts.fm.rbsgrp.net/display/DSDS/2021-10-15+DES+CoE+Data+Design+Authority+Meeting' target='_blank'>EDHA 1645:Onpremise(Data Migration to cloud)+magellan+ml+Reporting+DADS ML OPS</a></li></ul></ol><br></br>",
      "Options": "<ol type='A'><li>Enter A to raise work request</li><li><b>Exit</b> to end this chat</li></ol> ",
      "ValidAnswer": "[A,Exit]"
   },
   {
      "Sno": "Q92",
	  "Question": "Template HLSD for 'Steaming + Onpremise data archival+ Data Migration to cloud :'<ol><li><b>Refer link for template HLSD:</b></li><ul><li><a href='https://confluence.dts.fm.rbsgrp.net/pages/viewpage.action?pageId=1078537685' target='_blank'>Non Enterprise data + Reporting</a></li><li><a href='https://confluence.dts.fm.rbsgrp.net/pages/viewpage.action?pageId=1070016978' target='_blank'>Enterprise data + Reporting</a></li></ul><li><b>Link for reference HLSD:</b><ul><li><a href='https://confluence.dts.fm.rbsgrp.net/display/DSDS/2021-09-03+DES+CoE+Data+Design+Authority+Meeting' target='_blank'>EDHA 1402: Streaming + data archival+ Data Migration+ Query using hive</a></li></ul></ol><br></br>",
      "Options": "<ol type='A'><li>Enter A to raise work request</li><li><b>Exit</b> to end this chat</li></ol> ",
      "ValidAnswer": "[A,Exit]"
   },  
   {
      "Sno": "Q93",
	  "Question": "Template HLSD for 'Existing data + Reporting on cloud :'<ol><li><b>Refer link for template HLSD:</b></li><ul><li><a href='https://confluence.dts.fm.rbsgrp.net/pages/viewpage.action?pageId=1078576827' target='_blank'>Non Enterprise data + Reporting</a></li><li><a href='https://confluence.dts.fm.rbsgrp.net/pages/viewpage.action?pageId=1078576917' target='_blank'>Enterprise data + Reporting</a></li></ul><li><b>Link for reference HLSD:</b><ul><li><a href='https://confluence.dts.fm.rbsgrp.net/display/DSDS/2021-10-15+DES+CoE+Data+Design+Authority+Meeting' target='_blank'>EDHA 1645:Onpremise(Data Migration to cloud)+magellan+ ML +Reporting+DADS ML OPS</a></li><li><a href='https://confluence.dts.fm.rbsgrp.net/display/EDG/2022-01-18+Agenda+and+Minutes' target='_blank'>EDHA 1650:Data Migration+Reporting+Downstream system on cloud</a></li></ul></ol><br></br>",
      "Options": "<ol type='A'><li>Enter A to raise work request</li><li><b>Exit</b> to end this chat</li></ol> ",
      "ValidAnswer": "[A,Exit]"
   },
   {
      "Sno": "Q58",
	  "Question": "Template HLSD for 'Existing data + api access from D&A cloud :'<ol><li><b>Refer link for template HLSD:</b></li><ul><li><a href='https://confluence.dts.fm.rbsgrp.net/pages/viewpage.action?pageId=1078576827' target='_blank'>Non Enterprise data </a></li><li><a href='https://confluence.dts.fm.rbsgrp.net/pages/viewpage.action?pageId=1078576917' target='_blank'>Enterprise data</a></li></ul><li><b>Link for reference HLSD:</b><a href='https://confluence.dts.fm.rbsgrp.net/display/EDG/2021-11-02+Agenda+and+Minutes' target='_blank'>EDHA 1618</a><li><br></br>",
      "Options": "<ol type='A'><li>Enter A to raise work request</li><li><b>Exit</b> to end this chat</li></ol> ",
      "ValidAnswer": "[A,Exit]"
   },
   {
      "Sno": "Q59",
	  "Question": "Template HLSD for 'Existing data + Data access from snowflake using querying tool:'<ol><li><b>Refer link for template HLSD:</b></li><ul><li><a href='https://confluence.dts.fm.rbsgrp.net/pages/viewpage.action?pageId=1078576827' target='_blank'>Non Enterprise data </a></li><li><a href='https://confluence.dts.fm.rbsgrp.net/pages/viewpage.action?pageId=1078576917' target='_blank'>Enterprise data</a></li></ul><li><b>Link for reference HLSD:</b><ul><li><a href='https://confluence.dts.fm.rbsgrp.net/display/DSDS/2021-11-12+DES+CoE+Data+Design+Authority+Meeting' target='_blank'>EDHA 1524:Onpremise(Data Migration to snowflake) + Data Integration + Federated Cloud Datamart + SQL Querying Tool</a></li></ul></ol><br></br>",
      "Options": "<ol type='A'><li>Enter A to raise work request</li><li><b>Exit</b> to end this chat</li></ol> ",
      "ValidAnswer": "[A,Exit]"
   },
   {
      "Sno": "Q68",
	  "Question": "Template HLSD for 'Batch + machine learning on-premise :'<ol><li>Refer link for template HLSD:</li><ul><li><a href='https://confluence.dts.fm.rbsgrp.net/pages/viewpage.action?pageId=1078576827' target='_blank'>Non Enterprise data</a></li><li><a href='https://confluence.dts.fm.rbsgrp.net/pages/viewpage.action?pageId=1078576917' target='_blank'>Enterprise data</a></li></ul><li><b>Link for reference HLSD:</b><a href='https://confluence.dts.fm.rbsgrp.net/display/DSDS/2020-07-09+DES+CoE+Data+Design+Authority+Meeting' target='_blank'>EDHA 985</a><li><br></br>",
      "Options": "<ol type='A'><li>Enter A to raise work request</li><li><b>Exit</b> to end this chat</li></ol> ",
      "ValidAnswer": "[A,Exit]"
   },
   {
      "Sno": "Q57",
      "Question": "Since your data is present on cloud.How you want to consume your data?Select an option from A to D<br></br>",
      "Options": "<ol type='A'><li> Machine learning/data science</li><li>Reporting</li><li>Access from a web application</li><li>query data using data querying tool</li></ol> ",
      "ValidAnswer": "[A,B,C,D]"
   },   
   {
      "Sno": "Q53",
	  "Question": "Template HLSD for 'Batch+ Magellan+ ML on aws :'<ol><li>Refer link for template HLSD:</li><ul><li><a href='https://confluence.dts.fm.rbsgrp.net/pages/viewpage.action?pageId=1078576827' target='_blank'>Non Enterprise data + Reporting</a></li><li><a href='https://confluence.dts.fm.rbsgrp.net/pages/viewpage.action?pageId=1078576917' target='_blank'>Enterprise data + Reporting</a></li></ul><li><b>Link for reference HLSD:</b><a href='https://confluence.dts.fm.rbsgrp.net/display/DSDS/2021-10-15+DES+CoE+Data+Design+Authority+Meeting' target='_blank'>EDHA 1645</a><li><br></br>",
      "Options": "<ol type='A'><li>Enter A to raise work request</li><li><b>Exit</b> to end this chat</li></ol> ",
      "ValidAnswer": "[A,Exit]"
   },
   {
      "Sno": "Q40",
      "Question": "Is consumer(target) system within bank or external to the bank? <ol><li><b>Within bank</b>-self service read </li><li><b>Outside Bank</b>-handshake required to get the files</li></ul><b> Enter A/B </b><br></br>",
      "Options": "<ol type='A'><li> Internal</li><li>External</li></ol> ",
      "ValidAnswer": "[ ]"
   },
   {
      "Sno": "Q41",
      "Question": "Do you have writeback also involved?<b> Enter A/B </b><br></br>",
      "Options": "<ol type='A'><li> Yes</li><li>No</li></ol> ",
      "ValidAnswer": "[ ]"
   },     
   {
      "Sno": "Q60",
      "Question": "D&A encourages tenants to do self service Reporting using tools like tablaeu/thoughtspot etc based on the available liacenses.Do you have capablity to do self service reporting from snowflake as data warehouse?<b> Enter A/B </b><br></br>",
      "Options": "<ol type='A'><li> Yes</li><li>No we need to do Reporting on on-premise data </li></ol> ",
      "ValidAnswer": "[A,B]"
   },
   {
      "Sno": "Q61",
      "Question": "Since you are choosing to use on-premise for Reporting ,please justify the need and share plan to migrate to cloud as post q2 we would be migrating to cloud.<b> Enter A/Exit </b><br></br>",
      "Options": "<ol type='A'><li> I have raised tech debt please continue</li><li><b>Exit</b> to end this chat</li></ol> ",
      "ValidAnswer": "[A,Exit]"
   }
]   
    
