[{"Sno": 1, "Question": "Which business are you belogn to? Type the option (1 or 2 or 3 or 4)", "Resp": "", "NextQ": 2}, {"Sno": 1.1, "Question": "1. Risk", "Resp": "Tilak", "NextQ": 3}, {"Sno": 1.2, "Question": "2.D&A", "Resp": "Amit", "NextQ": 3}, {"Sno": 1.3, "Question": "3.Finance", "Resp": "vishesh", "NextQ": 4}, {"Sno": 1.4, "Question": "4.Retail", "Resp": "salman", "NextQ": 3}, {"Sno": 2, "Question": "Press y to proceed further", "Resp": "if press Y", "NextQ": 3}, {"Sno": 3, "Question": "which of the following scenario fits best in your Use Case? Type the option (1 or 2 or 3 or 4)", "Resp": "", "NextQ": 4}, {"Sno": 3.1, "Question": "1. Scenario", "Resp": "Rajmaa Chawal", "NextQ": 4}, {"Sno": 3.2, "Question": "2. Scenario", "Resp": "chole bhature", "NextQ": 4}, {"Sno": 3.3, "Question": "3. Scenario", "Resp": "matar paneer", "NextQ": 4}, {"Sno": 4, "Question": "Whats your name", "Resp": "", "NextQ": 5}]