Sno	Question	Options	Valid Answer	Reformatting
Q1	" ""Which Business area you belong to? Please type options ( A OR B OR C etc.)"	" A.Data Innovation  <br>
                       B.Wealth Private Banking (Wealth / Premier / Affluent )
                       C.Fraud, Fin Crime & Services
                       D.FF&S: Customer Due Diligence
                       E.C&B Banking & NW Markets
                       F.Retail Analytics & Decisioning
                       G.Customer Data Delivery ( Cus DNA / E Privacy)
                       H.Risk & Finance
                       I.Platform Improvement Remediation.
                       J.Other"	"[A,B,C,D,E,F,G,H,I,J]"	"<ol><li> A.Data Innovation  <br></li><li>                       B.Wealth Private Banking (Wealth / Premier / Affluent )</li><li>                       C.Fraud, Fin Crime & Services</li><li>                       D.FF&S: Customer Due Diligence</li><li>                       E.C&B Banking & NW Markets</li><li>                       F.Retail Analytics & Decisioning</li><li>                       G.Customer Data Delivery ( Cus DNA / E Privacy)</li><li>                       H.Risk & Finance</li><li>                       I.Platform Improvement Remediation.</li><li>                       J.Other</li></ol>"
Q2	"D&A encourages you to get in touch with your business spokes before raising request here. Jamie Allason is your engagement lead and
Graham Smith is business spoke for your department.

Press  Y to continue"		[Y]	
Q3	"D&A encourages you to get in touch with your business spokes before raising request here. Not Known is your engagement lead and
Adam Jupp is business spoke for your department.

 Press  Y to continue"		[Y]	
Q5	"D&A encourages you to get in touch with your business spokes before raising request here. Neil Ford is your engagement lead and
Corinne King is business spoke for your department. 

 Press  Y to continue"		[Y]	
Q6	"D&A encourages you to get in touch with your business spokes before raising request here. Stephen Connelly / Raja is your engagement lead and
Not Known is business spoke for your department.  

Press  Y to continue"		[Y]	
Q7	"D&A encourages you to get in touch with your business spokes before raising request here. Gavin Skinner is your engagement lead and
Sarah Walker is business spoke for your department. 

 Press  Y to continue"		[Y]	
Q8	"D&A encourages you to get in touch with your business spokes before raising request here. Keith Hill is your engagement lead and
Karen Dewar is business spoke for your department.

  Press  Y to continue"		[Y]	
Q9	"D&A encourages you to get in touch with your business spokes before raising request here. Stephen Connelly is your engagement lead and
Not Known is business spoke for your department. 

Press  Y to continue"		[Y]	
Q10	"D&A encourages you to get in touch with your business spokes before raising request here. Vacancy is your engagement lead and
Not Kwown is business spoke for your department. 

 Press  Y to continue"		[Y]	
Q11	"D&A encourages you to get in touch with your business spokes before raising request here. Colin Saxon is your engagement lead and
Not Known is business spoke for your department.

  Press  Y to continue"		[Y]	
Q12	What is the business objective of this project? Could you please describe your use case?			
q13	Which category does your request belong to? Please reply with Options- (A/B/C/D/E etc.)	"A:New data sourcing in D&A
         B:Build data extracts from D&A data lake
         C:New Reporting use case on data existing within D&A data lake
         D:New Reporting use case on data non-existent on D&A data lake
         E:Data Analysis for existing DNA data?-highly encourage you to reach out to SPOKEs.
         F:Data science\Real time data sourcing\ Others?
         G:I am not sure.Could you please elaborate the request types."	"[A,B,C,D,E,F,G]"	<ol><li>A:New data sourcing in D&A</li><li>         B:Build data extracts from D&A data lake</li><li>         C:New Reporting use case on data existing within D&A data lake</li><li>         D:New Reporting use case on data non-existent on D&A data lake</li><li>         E:Data Analysis for existing DNA data?-highly encourage you to reach out to SPOKEs.</li><li>         F:Data science\Real time data sourcing\ Others?</li><li>         G:I am not sure.Could you please elaborate the request types.</li></ol>
q14	Which use case do you want us to elaborate? Reply with options- (A/B/C/D/E etc.)	"A:New data sourcing in D&A
         B:Build data extracts from D&A data lake
         C:New Reporting use case on data existing within D&A data lake
         D:New Reporting use case on data non-existent on D&A data lake
         E:Data Analysis for existing DNA data?
         F:Data Science"	"[A,B,C,D,E,F]"	<ol><li>A:New data sourcing in D&A</li><li>         B:Build data extracts from D&A data lake</li><li>         C:New Reporting use case on data existing within D&A data lake</li><li>         D:New Reporting use case on data non-existent on D&A data lake</li><li>         E:Data Analysis for existing DNA data?</li><li>         F:Data Science</li></ol>
Q15	"Use case to bring a new data source which is already not pesent in D&A datalake.You can validate in EDH portal to verify the same-Link:EDH Data Portal - Home (rbsres01.net)

Press Y to conitnue"		[Y]	
Q16	"If you want to do reporting on a data which is already existing in D&A datalake.Post q2 we would be migrating to cloud so we recommend you to do reporting from snowflake using Tableau or  thoughtspot.Reporting will be done by tenants using self service.

Press Y to conitnue"		[Y]	
Q17	"If you want to do reporting on a data which is not existing in D&A datalake.As per policy we only deal with golden source.In case you want to raise exception by sourcing non-golden source  data please share mitigation plan and raise tech debt for DDA approvals.To get more details visit this link- https://confluence.dts.fm.rbsgrp.net/display/DSDS/Data+Principle+%3A+Consumption+of+non+Golden+Source+Analytic+Stores

Press Y to continue"		[Y]	
Q18	"If you want to consume data which is already existing in d&a data lake.We highly recommend users to perform data egress using a self service.We have different patterms available for data egress which can be used by tenants for bringing data based on target interfaces.

Press Y to continue"		[Y]	
Q19	"If you want to perform analysis on data which is already existing in D&A datalake we highly recommend you to connect with a business spokes.Data analyst from d&a will be alligned based on your requirement.

Press Y to continue"		[Y]	
Q20	"If you have a use case wherein you want to perform data science or machine learning on D&A platform.Please drop a mail to d&a engagement group @ Engagement group: ~ DAT_BusinessEngagement <FM-032571@rbos.co.uk>) and your request would be taken ahead in next business presentation meeting.

Press Y to continue"		[Y]	
Q21	Hope you are now clear with request types.Please reply with option - (A/B)	"A:yes i can select my use case now
B:No,i want to exit and raise request manually "	"[A,B]"	"<ol><li>A:yes i can select my use case now</li><li>B:No,i want to exit and raise request manually </li></ol>"
Q22	"What is the type of data? Is the data of enterprise concern?. Please reply with option - (A/B)

Enterprise data is the data used across multiple teams in an enterprise.
 Non enterprise data is the data used by specific team in an enterprise."	"A:yes i can select my use case now
B:No,i want to exit and raise request manually "	"[A,B]"	"<ol><li>A:yes i can select my use case now</li><li>B:No,i want to exit and raise request manually </li></ol>"
Q23	"Have you evaluated ISBIA ratings for your project? As part of the continual review process of HLD (High Level Design) content, there is a need to standardise the non functional requirements within HLDs. This has following benefits:  Please reply with option - (A/B)
<li>-Clearer to requester the service level they will be getting.</li>
           <li>    -Ensures resiliency is aligned to the IT Resilience Tiering classification standard.</li>
              <li> -Provides opportunity to challenge adherence to data security policy.</li>
              <li> -Drives consistency to optimise the design approval process.</li>
 To know more about same please refer below link-(https://confluence.dts.fm.rbsgrp.net/pages/viewpage.action?pageId=595207957#ISBIA&CIInfo)"	"A:yes i can select my use case now
B:No,i want to exit and raise request manually "	"[A,B]"	"<ol><li>A:yes i can select my use case now</li><li>B:No,i want to exit and raise request manually </li></ol>"
Q24	Is there any sensitive/ secret data?(D&A only support data classification up to confidential. In case your data is secret classified then please reach out to spoke leads or tower leads for further guidance.).  Please reply with option - (A/B)	"A: No secret data is involved 
B: Yes secret data is involved,I want to exit"","	"[A,B]"	"<ol><li>A: No secret data is involved </li><li>B: Yes secret data is involved,I want to exit"",</li></ol>"
Q25	"We are highly dependent on user solutions as we provide PAAS offering.Please Share existing link(confluence/SharePoint) of the requirement like data flow diagram,design diagram, business context diagram.Do you have it right now?"	"A:yes,move to next question
 B:I will get it later."	"[A,B]"	"<ol><li>A:yes,move to next question</li><li> B:I will get it later.</li></ol>"
Q26	"Please consider non-functional requirements eg.user\batch concurrency, data retention period, Batch SLA etc.? To know more about NFR'S please visit link here -https://confluence.dts.fm.rbsgrp.net/display/EDG/Draft+Non+Functional+Requirements. Please reply with Options- (A/B)"	"A:I have,move to next question
 B:I do not have any,move to next question"","	"[A,B]"	"<ol><li>A:I have,move to next question</li><li> B:I do not have any,move to next question"",</li></ol>"
Q27	"Are your sources golden data sources? Please reply with option - (A/B)
  A Golden Source is either the Master Source for a defined set of data or a GSWG (Golden Source Working Group) approved copy of that Master.
 
Pls have a look of register - (https://intranet.rbsres01.net/ManagingRecordsData/DataZone/RBS-Data-Knowledgebase/Pages/Master-and-Golden-Sources.aspx)"	"A:  It is deemed the best known source from which to take that data, in line with business, technology and architectural guidance.
 B: It may bring together data from several Master Sources of data entities in banks."	"[A,B]"	"<ol><li>A:  It is deemed the best known source from which to take that data, in line with business, technology and architectural guidance.</li><li> B: It may bring together data from several Master Sources of data entities in banks.</li></ol>"
Q28	What is the mitigation plan to move to golden data source.Have you raised tech dept for D&A approval?Please reply with option - (A/B)	" A:yes i have already done
 B:I will do it later"	"[A,B]"	<ol><li> A:yes i have already done</li><li> B:I will do it later</li></ol>
Q29	Please register tech debt for non golden source at this link -Link for raising technical debt-https://confluence.dts.fm.rbsgrp.net/display/EDG/Technical+Debt.Please reply with options (A/B).	" A: Thanks move to next question 
B: Exigt"	"[A,B]"	<ol><li> A: Thanks move to next question </li><li>B: Exigt</li></ol>
Q30	"The Data sourcing team are responsible for the gathering of data from various sources thoughout the business and presenting that data to the business using EDH as an access platform. Data is taken from source, in a variety of ways, before being made available to EDH. How do you plan to ingest data into EDH? Below are teh available options.  Please reply with options (A/B)."	"A:Thanks,move to next question
B:I want to know more about the patterns"	"[A,B]"	"<ol><li>A:Thanks,move to next question</li><li>B:I want to know more about the patterns</li></ol>"
Q31	which pattern do you want to more about?Please reply with options:(A/B/C/D etc)	"A:Data is available from the source system in the form of a text based extract file,link-https://confluence.dts.fm.rbsgrp.net/display/DSDS/Batch+Ingest+-+On-host+File+Transfer,
         B:Data is available directly from the source system using a direct database connection,link-https://confluence.dts.fm.rbsgrp.net/display/DSDS/Batch+Ingestion+-+Off-host+File+Sources,
         C:Data is available from the source system in the form of a text based extract file,link-https://confluence.dts.fm.rbsgrp.net/display/DSDS/Batch+Ingestion+-+On+host+Database,
         D:Data is available directly from the source system using a direct database connection,link-https://confluence.dts.fm.rbsgrp.net/display/DSDS/Batch+Ingest+-+Off-host+Database,
         E:Source systems contain data which the business require access to and needs to be made available to EDH in a robust and verifiable manner.Link-https://confluence.dts.fm.rbsgrp.net/display/DSDS/Batch+Ingest+-+On-host+File+Transfer,
         F:In cases where files are only available from a source outwith RBS.Link-https://confluence.dts.fm.rbsgrp.net/display/DSDS/External+Data+Batch+Ingest+using+sFTP]"	"[A,B,C,D,E,F]"	"<ol><li>A:Data is available from the source system in the form of a text based extract file,link-https://confluence.dts.fm.rbsgrp.net/display/DSDS/Batch+Ingest+-+On-host+File+Transfer,</li><li>         B:Data is available directly from the source system using a direct database connection,link-https://confluence.dts.fm.rbsgrp.net/display/DSDS/Batch+Ingestion+-+Off-host+File+Sources,</li><li>         C:Data is available from the source system in the form of a text based extract file,link-https://confluence.dts.fm.rbsgrp.net/display/DSDS/Batch+Ingestion+-+On+host+Database,</li><li>         D:Data is available directly from the source system using a direct database connection,link-https://confluence.dts.fm.rbsgrp.net/display/DSDS/Batch+Ingest+-+Off-host+Database,</li><li>         E:Source systems contain data which the business require access to and needs to be made available to EDH in a robust and verifiable manner.Link-https://confluence.dts.fm.rbsgrp.net/display/DSDS/Batch+Ingest+-+On-host+File+Transfer,</li><li>         F:In cases where files are only available from a source outwith RBS.Link-https://confluence.dts.fm.rbsgrp.net/display/DSDS/External+Data+Batch+Ingest+using+sFTP]</li></ol>"
Q32	Hope you are clear on how you will bring data into D&A?Please reply with options (A/B)	"         A:yes,move to next question
 B:exit"	"[A,B]"	"<ol><li>         A:yes,move to next question</li><li> B:exit</li></ol>"
Q33	"The EDH Data Portal aims to promote effective utilisation of the Enterprise Data Hub by providing users with a comprehensive and self service go-to portal for all relevant information and support.
        Enterprise Data Hub (EDH) is a logical construct, that covers the strategic data store, integration and analytics components supported by Data & Analytics Technology.Have you analysed your data on portal ?
        Link- EDH Data Portal - Home (rbsres01.net).Do you have access to EDH portal? Options (A/B)"	" A:yes i have
 B:no i want to raise access Request"	"[A,B]"	<ol><li> A:yes i have</li><li> B:no i want to raise access Request</li></ol>
Q34	"You can raise access request by clicking on link here-<confluence link needs to be added.
"	Press Y to cointue	[Y]	<ol><li>Press Y to cointue</li></ol>
Q35	"We have different egress patterns to help users consume data extracts from D&A datalake.
        D&A encourages data egress using self service. For available patterns refer below link:
        Patterns available for publish/egress - EDH Design Governance - Confluence (rbsgrp.net.Please
        select your target system with given options (A/B)"	"A:on-premise
B:cloud"	"[A,B]"	<ol><li>A:on-premise</li><li>B:cloud</li></ol>
Q36	"We have different egress patterns to help users consume data extracts from D&A datalake.
          D&A encourages data egress using self service. For available patterns refer below link:
          Patterns available for publish/egress - EDH Design Governance - Confluence (rbsgrp.net.Please
  select your target system with given options (A/B)"	"A:on-premise
B:cloud"	"[A,B]"	<ol><li>A:on-premise</li><li>B:cloud</li></ol>
Q37	Cloud-Which of the below patterns you want to use for data egress? Please reply with options (A/B/C/D etc.)	"   A:Data Publish from Snowflake using Copy Into
         B:Snowflake Publish to GCP Domain Store Using Copy Into
         C:EL1 - Publish to On-Premise Direct from Snowflake
         D:I want to know more about these patterns"	"[A,B,C,D]"	<ol><li>   A:Data Publish from Snowflake using Copy Into</li><li>         B:Snowflake Publish to GCP Domain Store Using Copy Into</li><li>         C:EL1 - Publish to On-Premise Direct from Snowflake</li><li>         D:I want to know more about these patterns</li></ol>
Q38	cloud-Which of the below patterns you want more information? Please reply with options (A/B/C etc.)	"A:Data Publish from Snowflake using Copy Into
         B:Snowflake Publish to GCP Domain Store Using Copy Into
         C:EL1 - Publish to On-Premise Direct from Snowflake"	"[A,B,C]"	<ol><li>A:Data Publish from Snowflake using Copy Into</li><li>         B:Snowflake Publish to GCP Domain Store Using Copy Into</li><li>         C:EL1 - Publish to On-Premise Direct from Snowflake</li></ol>
Q39	"Data in Snowflake needs to be unloaded into a NWG owned AWS S3 bucket through a Named External Stage in Snowflake.,Link-https://confluence.dts.fm.rbsgrp.net/display/DSDS/DIP8+-+Data+Publish+from+Snowflake+using+Copy+Into"	Press Y to cointue	[Y]	
Q40	"Data in Snowflake needs to be unloaded into a NWG owned AWS S3 bucket, and moved to NWG owned GCP Object Store. ,Link-https://confluence.dts.fm.rbsgrp.net/display/DSDS/DIP9+-+Snowflake+Publish+to+GCP+Domain+Store+Using+Copy+Into""},"	Press Y to cointue	[Y]	
Q41	Data needs to be extracted out of Snowflake and loaded to an on-premise target via an approved data integration tool managing the data pipeline and associated movement of that data	Press Y to cointue	[Y]	
Q42	On prem-Which of the below patterns you want to use for data egress. Please reply with options (A/B/C/D etc)	"A:EDH UI
         B:Federated bulk read / write from Hadoop with ETL tools
         C:Bulk read/write File transfer with Connect:Direct
         D:I want to know more about these patterns"	"[A,B,C,D]"	<ol><li>A:EDH UI</li><li>         B:Federated bulk read / write from Hadoop with ETL tools</li><li>         C:Bulk read/write File transfer with Connect:Direct</li><li>         D:I want to know more about these patterns</li></ol>
Q43	"On prem-Which of the below patterns you want more information?
Please reply with options (A/B/C etc)"	"A:EDH UI
         B:Federated bulk read / write from Hadoop with ETL tools
         C:Bulk read/write File transfer with Connect:Direct"	"[A,B,C]"	<ol><li>A:EDH UI</li><li>         B:Federated bulk read / write from Hadoop with ETL tools</li><li>         C:Bulk read/write File transfer with Connect:Direct</li></ol>
Q44	"Provides a user friendly interface to understand the data that resides in EDH ,Link-https://confluence.dts.fm.rbsgrp.net/display/DSDS/DIP7f.+EDH+UI"	Press Y to cointue	[Y]	
Q45	"Tenants will have their own ETL tooling and capability to ingest or extract data from the EDH,Link-https://confluence.dts.fm.rbsgrp.net/pages/viewpage.action?pageId=568279407"	Press Y to cointue	[Y]	
Q46	"file transfer utility called Connect Direct (C:D) to exchange data."",link-https://confluence.dts.fm.rbsgrp.net/pages/viewpage.action?pageId=568279408"	Press Y to cointue	[Y]	
Q47	"Have you evaluated ISBIA ratings for your project? To know more about same please refer below link-
         (https://confluence.dts.fm.rbsgrp.net/pages/viewpage.action?pageId=595207957#ISBIA&CIInfo). Pleaser reply with options (A/B)"	"A:yes 
B:I will do it later"	"[A,B]"	<ol><li>A:yes </li><li>B:I will do it later</li></ol>
Q48	"We are highly dependent on user solutions as we provide PAAS offering.Please Share existing link(confluence/SharePoint) of the requirement like data flow diagram,
         design diagram, business context diagram.Do you it right now? Please reply with options (A/B)"	"A:yes
B:I will get it later"	"[A,B]"	<ol><li>A:yes</li><li>B:I will get it later</li></ol>
Q49	"Have you evaluated ISBIA ratings for your project? To know more about same please refer below link-
         (https://confluence.dts.fm.rbsgrp.net/pages/viewpage.action?pageId=595207957#ISBIA&CIInfo). Pleaser reply with options (A/B)"	"A:yes
B:I will get it later"	"[A,B]"	<ol><li>A:yes</li><li>B:I will get it later</li></ol>
Q50	What kind of reporting you are looking for? Please reply with options (A/B/C/D etc.)	"A:MI Reporting
                     B:Operational Reporting
                     C:Regulatory Reporting
                     D:Calculations / Derivations (to be performed on the data provided like Data science /ML toolset)"	"[A,B,C,D]"	<ol><li>A:MI Reporting</li><li>                     B:Operational Reporting</li><li>                     C:Regulatory Reporting</li><li>                     D:Calculations / Derivations (to be performed on the data provided like Data science /ML toolset)</li></ol>
Q51	What are the timelines for your project?Please reply with options(A/B)	"A:<3 month
 B:>3 months"	"[A,B]"	<ol><li>A:<3 month</li><li> B:>3 months</li></ol>
Q52	Post Q2 we would be migrating to cloud and D&A will gradually stop supporting on-premise datalake.Please have a plan to migrate your systems accordingly	Press Y to cointue	[Y]	<ol><li>Press Y to cointue</li></ol>
Q53	"We are highly dependent on user solutions as we provide PAAS offering.Please Share existing link(confluence/SharePoint) of the requirement like data flow diagram,
         design diagram, business context diagram.Do you have it right now? Please reply with  Options (A/B)"	"A:yes
B:I will get it later"	"[A,B]"	<ol><li>A:yes</li><li>B:I will get it later</li></ol>
Q54	Current project is pilot only or full scale go-live? Please reply with  Options (A/B)	"A: pilot 
B:Full scale go live"	"[A,B]"	<ol><li>A: pilot </li><li>B:Full scale go live</li></ol>
Q55	"We are highly dependent on user solutions as we provide PAAS offering.Please Share existing link(confluence/SharePoint) of the requirement like data flow diagram,
         design diagram, business context diagram.Do you have it right now? Please reply with  Options (A/B)"	"A:yes 
B:I will get it later"	"[A,B]"	<ol><li>A:yes </li><li>B:I will get it later</li></ol>
Q56	If there is an existing solution what tool\services are involved? What are the tool/services involved in the solution? Please reply with Options (A/B)	"A:Existing solution is there
B:Existing solution is not there."	"[A,B]"	<ol><li>A:Existing solution is there</li><li>B:Existing solution is not there.</li></ol>
Q57	What kind of reporting you are looking for? Please reply with options (A/B/C/D etc.)	" A:MI Reporting
                     B:Operational Reporting
                     C:Regulatory Reporting
                     D:Calculations / Derivations (to be performed on the data provided like Data science /ML toolset"	"[A,B,C,D]"	<ol><li> A:MI Reporting</li><li>                     B:Operational Reporting</li><li>                     C:Regulatory Reporting</li><li>                     D:Calculations / Derivations (to be performed on the data provided like Data science /ML toolset</li></ol>
Q58	What are the timelines for your project?Please reply with options(A/B)	"A:<3 month
 B:>3 months"	"[A,B]"	<ol><li>A:<3 month</li><li> B:>3 months</li></ol>
Q59	Post Q2 we would be migrating to cloud and D&A will gradually stop supporting on-premise datalake.Please have a plan to migrate your systems accordingly	Press Y to cointue	[Y]	<ol><li>Press Y to cointue</li></ol>
Q60	"We are highly dependent on user solutions as we provide PAAS offering.Please Share existing link(confluence/SharePoint) of the requirement like data flow diagram,
         design diagram, business context diagram.Do you have it right now? Please reply with  Options (A/B)"	"A:yes
B:I will get it later"	"[A,B]"	<ol><li>A:yes</li><li>B:I will get it later</li></ol>
Q61	"Are their any managed components to be build by D&A, but owned by tenant? (Managed service offering is completely managed by D&A *with additional cost  and self-service capabilities is to do it yourself. Please reply with options (A/B)"	"A:yes
 B:no"	"[A,B]"	<ol><li>A:yes</li><li> B:no</li></ol>
