[
  {
  {
    "journey": "common",
    "QAKey": "q1",
    "NextQ": 2
  },
  {
    "journey": "common",
    "id": "q2",
    "NextQ": 3
  },
  {
    "journey": "newdata",
    "id": "q3a",
    "NextQ": 6
  }
    "children": [
      {
        "journey": "newdata",
        "id": "q6a",
        "NextQ": 7
      },
      {
        "journey": "newdata",
        "id": "q7a",
        "NextQ": 8
      },
      {
        "journey": "newdata",
        "id": "q8a",
        "NextQ": 9
      },
      {
        "journey": "newdata",
        "id": "q9a",
        "NextQ": 10
      },
      {
        "journey": "newdata",
        "id": "q9b",
        "NextQ": 10
      },
      {
        "journey": "newdata",
        "id": "q10a",
        "NextQ": 11
      },
      {
        "journey": "newdata",
        "id": "q10b",
        "NextQ": 11
      },
      {
        "journey": "newdata",
        "id": "q11b",
        "NextQ": 12
      },
      {
        "journey": "newdata",
        "id": "q11b",
        "NextQ": 12
      },
      {
        "journey": "newdata",
        "id": "q12a",
        "NextQ": 14
      },
      {
        "journey": "newdata",
        "id": "q12b",
        "NextQ": 13
      },
      {
        "journey": "newdata",
        "id": "q13a",
        "NextQ": 14
      },
      {
        "journey": "newdata",
        "id": "q11a",
        "NextQ": 14
      },
      {
        "journey": "newdata",
        "id": "q14a",
        "NextQ": final
      },
      {
        "journey": "newdata",
        "id": "q14b",
        "NextQ": 15
      },
      {
        "journey": "newdata",
        "id": "q15",
        "NextQ": 16
      },
      {
        "journey": "newdata",
        "id": "q16",
        "NextQ": final
      }
    ],
    
// after final template hlsd will be shown to user 
  {
    "journey": "reportingoned",
    "id": "q3b",
    "NextQ":
  },
  {
    "journey": "reportingonnd",
    "id": "q3c",
    "NextQ":
  },
  {
    "journey": "dataextracts",
    "id": "q3d",
    "NextQ":
  },
  {
    "journey": "datanalysis",
    "id": "q3e",
    "NextQ":
  }
  }
  ]