[
   {
      "QAKey": "Q1",
      "NextQ": "Q1"
   },
   {
      "QAKey": "Q1!!!A",
      "NextQ": "Q2"
   },
   {
      "QAKey": "Q1!!!B",
      "NextQ": "Q3"
   },
   {
      "QAKey": "Q1!!!C",
      "NextQ": "Q4"
   },
   {
      "QAKey": "Q1!!!D",
      "NextQ": "Q5"
   },
   {
      "QAKey": "Q1!!!E",
      "NextQ": "Q6"
   },
   {
      "QAKey": "Q1!!!F",
      "NextQ": "Q7"
   },
   {
      "QAKey": "Q1!!!G",
      "NextQ": "Q8"
   },
   {
      "QAKey": "Q1!!!H",
      "NextQ": "Q9"
   },
   {
      "QAKey": "Q1!!!I",
      "NextQ": "Q10"
   },
   {
      "QAKey": "Q1!!!Y",
      "NextQ": "Q11"
   },
   {
      "QAKey": "Q2!!!Y",
      "NextQ": "Q11"
   },
   {
      "QAKey": "Q3!!!Y",
      "NextQ": "Q11"
   },
   {
      "QAKey": "Q4!!!Y",
      "NextQ": "Q11"
   },
   {
      "QAKey": "Q5!!!Y",
      "NextQ": "Q11"
   },
   {
      "QAKey": "Q6!!!Y",
      "NextQ": "Q11"
   },
   {
      "QAKey": "Q7!!!Y",
      "NextQ": "Q11"
   },
   {
      "QAKey": "Q8!!!Y",
      "NextQ": "Q11"
   },
   {
      "QAKey": "Q9!!!Y",
      "NextQ": "Q11"
   },
   {
      "QAKey": "Q10!!!Y",
      "NextQ": "Q11"
   },
   {
      "QAKey": "Q11",
      "NextQ": "Q12"
   },
   {
      "QAKey": "Q12!!!A",
      "NextQ": "Q13"
   },
   {
      "QAKey": "Q12!!!B",
      "NextQ": "Q13"
   },
   {
      "QAKey": "Q13!!!A",
      "NextQ": "Q15"
   },
   {
      "QAKey": "Q13!!!B",
      "NextQ": "Q15"
   },
   {
      "QAKey": "Q13!!!C",
      "NextQ": "Q14"
   },
   {
      "QAKey": "Q15A",
      "NextQ": "Q31"
   },
   {
      "QAKey": "Q15B",
      "NextQ": "Q31"
   },
   {
      "QAKey": "Q15C",
      "NextQ": "Q31"
   },
   {
      "QAKey": "Q15D",
      "NextQ": "Q31"
   },
   {
      "QAKey": "Q15E",
      "NextQ": "Q31"
   },
   {
      "QAKey": "Q15F",
      "NextQ": "Q31"
   },
   {
      "QAKey": "Q15G",
      "NextQ": "Q31"
   },
   {
      "QAKey": "Q15H",
      "NextQ": "Q31"
   },
   {
      "QAKey": "Q15I",
	  "NextQ":" "
   },
   {
      "QAKey": "Q15J",
	  "NextQ":" "
   },
   {
      "QAKey": "Q15K",
	  "NextQ":" "
   },
   {
      "QAKey": "Q15L",
	  "NextQ":" "
   },
   {
      "QAKey": "Q49!!!Y",
      "NextQ": "Q30"
   },
   {
      "QAKey": "Q15M",
      "NextQ": "Q49"
   },
   {
      "QAKey": "Q30A",
      "NextQ": "Q15"
   },
   {
      "QAKey": "Q17Y",
      "NextQ": "Q30"
   },
   {
      "QAKey": "Q30A",
      "NextQ": "Q31"
   },
   {
      "QAKey": "Q31B",
      "NextQ": "Q32"
   },
   {
      "QAKey": "Q32B",
      "NextQ": "Q33"
   },
   {
      "QAKey": "Q33Y",
      "NextQ": "Q34"
   },
   {
      "QAKey": "Q34A",
      "NextQ": "Q36"
   },
   {
      "QAKey": "Q34B",
      "NextQ": "Q35"
   },
   {
      "QAKey": "Q35!!!Y",
      "NextQ": "Q36"
   },
   {
      "QAKey": "Q36!!!Y",
      "NextQ": "Q37"
   },
   {
      "QAKey": "Q37!!!Y",
      "NextQ": "Q38"
   },
   {
      "QAKey": "Q38!!!A",
      "NextQ": "Q39"
   },
   {
      "QAKey": "Q38!!!B",
      "NextQ": "Q39"
   },
   {
      "QAKey": "Q39!!!A",
      "NextQ": "Q48"
   },
   {
      "QAKey": "Q39!!!B",
      "NextQ": "Q40"
   },
   {
      "QAKey": "Q40!!!A",
      "NextQ": "Q41"
   },
   {
      "QAKey": "Q40!!!B",
      "NextQ": "Q42"
   },
   {
      "QAKey": "Q40!!!C",
      "NextQ": "Q43"
   },
   {
      "QAKey": "Q40!!!D",
      "NextQ": "Q44"
   },
   {
      "QAKey": "Q40!!!E",
      "NextQ": "Q45"
   },
   {
      "QAKey": "Q40!!!F",
      "NextQ": "Q46"
   },
   {
      "QAKey": "Q41!!!Y",
      "NextQ": "Q47"
   },
   {
      "QAKey": "Q42!!!Y",
      "NextQ": "Q47"
   },
   {
      "QAKey": "Q43!!!Y",
      "NextQ": "Q47"
   },
   {
      "QAKey": "Q44!!!Y",
      "NextQ": "Q47"
   },
   {
      "QAKey": "Q45!!!Y",
      "NextQ": "Q47"
   },
   {
      "QAKey": "Q46!!!Y",
      "NextQ": "Q47"
   },
   {
      "QAKey": "Q47!!!Y",
      "NextQ": "Q48"
   }
]
