[
   {
      "QAKey": "Q1",
      "NextQ": "Q1"
   },
   {
      "QAKey": "Q1!!!A",
      "NextQ": "Q2"
   },
   {
      "QAKey": "Q1!!!B",
      "NextQ": "Q3"
   },
   {
      "QAKey": "Q1!!!C",
      "NextQ": "Q4"
   },
   {
      "QAKey": "Q1!!!D",
      "NextQ": "Q5"
   },
   {
      "QAKey": "Q1!!!E",
      "NextQ": "Q6"
   },
   {
      "QAKey": "Q1!!!F",
      "NextQ": "Q7"
   },
   {
      "QAKey": "Q1!!!G",
      "NextQ": "Q8"
   },
   {
      "QAKey": "Q1!!!H",
      "NextQ": "Q9"
   },
   {
      "QAKey": "Q1!!!I",
      "NextQ": "Q10"
   },
   {
      "QAKey": "Q1!!!J",
      "NextQ": "Q11"
   },
   {
      "QAKey": "Q2!!!A",
      "NextQ": "Q11"
   },
   {
      "QAKey": "Q3!!!A",
      "NextQ": "Q11"
   },
   {
      "QAKey": "Q4!!!A",
      "NextQ": "Q11"
   },
   {
      "QAKey": "Q5!!!A",
      "NextQ": "Q11"
   },
   {
      "QAKey": "Q6!!!A",
      "NextQ": "Q11"
   },
   {
      "QAKey": "Q7!!!A",
      "NextQ": "Q11"
   },
   {
      "QAKey": "Q8!!!A",
      "NextQ": "Q11"
   },
   {
      "QAKey": "Q9!!!A",
      "NextQ": "Q11"
   },
   {
      "QAKey": "Q10!!!A",
      "NextQ": "Q11"
   },
   {
      "QAKey": "Q11",
      "NextQ": "Q12"
   },
   {
      "QAKey": "Q12",
      "NextQ": "Q25"
   },
   {
      "QAKey": "Q25",
      "NextQ": "Q26"
   },
   {
      "QAKey": "Q26!!!A",
      "NextQ": "Q27"
   },
   {
      "QAKey": "Q27!!!A",
      "NextQ": "Q28"
   },
   {
      "QAKey": "Q28",
      "NextQ": "Q29"
   },
   {
      "QAKey": "Q29!!!A",
      "NextQ": "Q13"
   },
   {
      "QAKey": "Q29!!!B",
      "NextQ": "Q13"
   },
   {
      "QAKey": "Q29!!!C",
      "NextQ": "Q13"
   },
   {
      "QAKey": "Q29!!!D",
      "NextQ": "Q37"
   },
   {
      "QAKey": "Q37!!!E",
      "NextQ": "Q38"
   },
   {
      "QAKey": "Q37!!!A",
      "NextQ": "Q13"
   },
   {
      "QAKey": "Q37!!!B",
      "NextQ": "Q13"
   },
   {
      "QAKey": "Q37!!!C",
      "NextQ": "Q13"
   },
   {
      "QAKey": "Q37!!!D",
      "NextQ": "Q43"
   },
   {
      "QAKey": "Q43!!!A",
      "NextQ": "Q46"
   },
   {
      "QAKey": "Q43!!!B",
      "NextQ": "Q44"
   },
   {
      "QAKey": "Q44!!!A",
      "NextQ": "Q45"
   },
   {
      "QAKey": "Q13!!!A",
      "NextQ": "Q51"
   },
   {
      "QAKey": "Q51!!!A",
      "NextQ": "Q52"
   },
   {
      "QAKey": "Q51!!!B",
      "NextQ": "Q37"
   },
   {
      "QAKey": "Q13!!!B",
      "NextQ": "Q16"
   },
   {
      "QAKey": "Q13!!!C",
      "NextQ": "Q14"
   },
   {
      "QAKey": "Q14!!!A",
      "NextQ": "Q16"
   },
   {
      "QAKey": "Q14!!!B",
      "NextQ": "Q15"
   },
   {
      "QAKey": "Q16!!!A",
      "NextQ": "Q17"
   },
   {
      "QAKey": "Q16!!!B",
      "NextQ": "Q18"
   },
   {
      "QAKey": "Q17",
      "NextQ": "Q21"
   },
   {
      "QAKey": "Q18!!!A",
      "NextQ": "Q21"
   },
   {
      "QAKey": "Q18!!!B",
      "NextQ": "Q19"
   },
   {
      "QAKey": "Q19!!!A",
      "NextQ": "Q21"
   },
   {
      "QAKey": "Q21!!!A",
      "NextQ": "Q23"
   },
   {
      "QAKey": "Q21!!!B",
      "NextQ": "Q22"
   },
   {
      "QAKey": "Q22!!!A",
      "NextQ": "Q23"
   },
   {
      "QAKey": "Q23!!!B",
      "NextQ": "Q48"
   },
   {
      "QAKey": "Q23!!!A",
      "NextQ": "Q24"
   },
   {
      "QAKey": "Q24!!!A",
      "NextQ": "Q34"
   },
   {
      "QAKey": "Q34!!!A",
      "NextQ": "BATCH"
   },
   {
      "QAKey": "Q34!!B",
      "NextQ": "Q32"
   },
   {
      "QAKey": "Q24!!!B",
      "NextQ": "Q47"
   },
   {
      "QAKey": "Q47!!!A",
      "NextQ": "Q31"
   },
   {
      "QAKey": "Q47!!!B",
      "NextQ": "Q35"
   },
   {
      "QAKey": "Q27!!!A",
      "NextQ": "Q28"
   },
   {
      "QAKey": "Q30!!!B",
      "NextQ": "Q37"
   },
   {
      "QAKey": "Q31!!!B",
      "NextQ": "Q37"
   },
   {
      "QAKey": "Q32!!!B",
      "NextQ": "Q37"
   },
   {
      "QAKey": "Q33!!!B",
      "NextQ": "Q37"
   },
   {
      "QAKey": "Q48!!!B",
      "NextQ": "Q37"
   },
   {
      "QAKey": "Q35!!!B",
      "NextQ": "Q37"
   },
   {
      "QAKey": "Q36",
      "NextQ": "Q37"
   },
   {
      "QAKey": "Q49!!!A",
      "NextQ": "Q30"
   },
   {
      "QAKey": "Q33Y",
      "NextQ": "Q34"
   },
   {
      "QAKey": "Q34A",
      "NextQ": "Q36"
   },
   {
      "QAKey": "Q34B",
      "NextQ": "Q35"
   },
   {
      "QAKey": "Q35!!!A",
      "NextQ": "Q36"
   },
   {
      "QAKey": "Q36!!!A",
      "NextQ": "Q37"
   },
   {
      "QAKey": "Q37!!!A",
      "NextQ": "Q40"
   },
   {
      "QAKey": "Q37!!!C",
      "NextQ": "Q39"
   },
   {
      "QAKey": "Q37!!!E",
      "NextQ": "Q38"
   },
   {
      "QAKey": "Q38",
      "NextQ": "Q54"
   },
   {
      "QAKey": "Q37!!!B",
      "NextQ": "Q39"
   },
   {
      "QAKey": "Q39!!!B",
      "NextQ": "Q40"
   },
   {
      "QAKey": "Q40",
      "NextQ": "Q41"
   },
   {
      "QAKey": "Q39!!!A",
      "NextQ": "Q48"
   },
   {
      "QAKey": "Q39!!!B",
      "NextQ": "Q40"
   },
   {
      "QAKey": "Q40!!!A",
      "NextQ": "Q41"
   },
   {
      "QAKey": "Q40!!!B",
      "NextQ": "Q42"
   },
   {
      "QAKey": "Q40!!!C",
      "NextQ": "Q43"
   },
   {
      "QAKey": "Q40!!!D",
      "NextQ": "Q44"
   },
   {
      "QAKey": "Q40!!!E",
      "NextQ": "Q45"
   },
   {
      "QAKey": "Q40!!!F",
      "NextQ": "Q46"
   },
   {
      "QAKey": "Q41!!!A",
      "NextQ": "Q47"
   },
   {
      "QAKey": "Q42!!!A",
      "NextQ": "Q47"
   },
   {
      "QAKey": "Q43!!!A",
      "NextQ": "Q47"
   },
   {
      "QAKey": "Q44!!!A",
      "NextQ": "Q47"
   },
   {
      "QAKey": "Q45!!!A",
      "NextQ": "Q47"
   },
   {
      "QAKey": "Q46!!!A",
      "NextQ": "Q47"
   },
   {
      "QAKey": "Q47!!!A",
      "NextQ": "Q48"
   }
]
