[
   {
      "QAKey": "Q1",
      "NextQ": "Q1"
   },
   {
      "QAKey": "Q1!!!A",
      "NextQ": "Q2"
   },
   {
      "QAKey": "Q2!!!Y",
      "NextQ": "Q11"
   },
   {
      "QAKey": "Q1!!!B",
      "NextQ": "Q3"
   },
   {
      "QAKey": "Q1!!!C",
      "NextQ": "Q4"
   },
   {
      "QAKey": "Q1!!!D",
      "NextQ": "Q5"
   },
   {
      "QAKey": "Q1!!!E",
      "NextQ": "Q6"
   },
   {
      "QAKey": "Q1!!!F",
      "NextQ": "Q7"
   },
   {
      "QAKey": "Q1!!!G",
      "NextQ": "Q8"
   },
   {
      "QAKey": "Q1!!!H",
      "NextQ": "Q9"
   },
   {
      "QAKey": "Q1!!!I",
      "NextQ": "Q10"
   },
   {
      "QAKey": "Q1!!!J",
      "NextQ": "Q11"
   },
   {
      "QAKey": "Q3!!!Y",
      "NextQ": "Q11"
   },
   {
      "QAKey": "Q4!!!Y",
      "NextQ": "Q11"
   },
   {
      "QAKey": "Q5!!!Y",
      "NextQ": "Q11"
   },
   {
      "QAKey": "Q6!!!Y",
      "NextQ": "Q11"
   },
   {
      "QAKey": "Q7!!!Y",
      "NextQ": "Q11"
   },
   {
      "QAKey": "Q8!!!Y",
      "NextQ": "Q11"
   },
   {
      "QAKey": "Q9!!!Y",
      "NextQ": "Q11"
   },
   {
      "QAKey": "Q10!!!Y",
      "NextQ": "Q11"
   },
   {
      "QAKey": "Q11!!!G",
      "NextQ": "Q13"
   },
   {
      "QAKey": "Q11!!!A",
      "NextQ": "Q12"
   },
   {
      "QAKey": "Q11!!!B",
      "NextQ": "Q12"
   },
   {
      "QAKey": "Q11!!!C",
      "NextQ": "Q12"
   },
   {
      "QAKey": "Q11!!!D",
      "NextQ": "Q12"
   },
   {
      "QAKey": "Q11!!!E",
      "NextQ": "Q12"
   },
   {
      "QAKey": "Q11!!!F",
      "NextQ": "Q12"
   },
   {
      "QAKey": "Q12",
      "NextQ": "Q20"
   },
   {
      "QAKey": "Q13!!!A",
      "NextQ": "Q14"
   },
   {
      "QAKey": "Q14!!!Y",
      "NextQ": "Q19"
   },
   {
      "QAKey": "Q13!!!B",
      "NextQ": "Q15"
   },
   {
      "QAKey": "Q15!!!Y",
      "NextQ": "Q19"
   },
   {
      "QAKey": "Q13!!!C",
      "NextQ": "Q16"
   },
    {
      "QAKey": "Q16!!!Y",
      "NextQ": "Q19"
   },
   {
      "QAKey": "Q13!!!D",
      "NextQ": "Q17"
   },
   {
      "QAKey": "Q17!!!Y",
      "NextQ": "Q19"
   },
   {
      "QAKey": "Q13!!!E",
      "NextQ": "Q18"
   },
   {
      "QAKey": "Q18!!!Y",
      "NextQ": "Q19"
   },
   {
      "QAKey": "Q13!!!F",
      "NextQ": "Q19"
   },
    {
      "QAKey": "Q19!!!Y",
      "NextQ": "Q20"
   },    
   {
      "QAKey": "Q20!!!A",
      "NextQ": "Q21"
   },
   {
      "QAKey": "Q20!!!B",
      "NextQ": "Q21"
   },
   {
      "QAKey": "Q21!!!B",
      "NextQ": "Q22"
   },
   {
      "QAKey": "Q21!!!A",
      "NextQ": "Q24"
   },
   {
      "QAKey": "Q22!!!A",
      "NextQ": "Q23"
   },
   {
      "QAKey": "Q22!!!B",
      "NextQ": "Q23"
   },
   {
      "QAKey": "Q23!!!Y",
      "NextQ": "Q24"
   },
   {
      "QAKey": "Q24!!!B",
      "NextQ": "Q25"
   },
   {
      "QAKey": "Q24!!!A",
      "NextQ": "Q26"
   },
   {
      "QAKey": "Q25!!!Y",
      "NextQ": "Q26"
   },
   {
      "QAKey": "Q25!!!A",
      "NextQ": "Q26"
   },
   {
      "QAKey": "Q26!!!Y",
      "NextQ": "Q27"
   },
   {
      "QAKey": "Q27!!!A",
      "NextQ": "Q28"
   },
   {
      "QAKey": "Q28!!!A",
      "NextQ": "Q29"
   },
   {
      "QAKey": "Q29!!!B",
      "NextQ": "Q30"
   },
   {
      "QAKey": "Q30!!!A",
      "NextQ": "Q31"
   },
   {
      "QAKey": "Q30!!!B",
      "NextQ": "Q32"
   },
   {
      "QAKey": "Q30!!!C",
      "NextQ": "Q33"
   
   },
   {
      "QAKey": "Q30!!!D",
      "NextQ": "Q34"
   
   },
   {
      "QAKey": "Q30!!!E",
      "NextQ": "Q35"
   
   },
   {
      "QAKey": "Q30!!!F",
      "NextQ": "Q36"
   
   },   
   {
      "QAKey": "Q29!!!A",
      "NextQ": "Q38"
   },
   {
      "QAKey": "Q31!!!Y",
      "NextQ": "Q37"
   },
   {
      "QAKey": "Q32!!!Y",
      "NextQ": "Q37"
   },
   {
      "QAKey": "Q33!!!Y",
      "NextQ": "Q37"
   },
   {
      "QAKey": "Q34!!!Y",
      "NextQ": "Q37"
   },
   {
      "QAKey": "Q35!!!Y",
      "NextQ": "Q37"
   },
   {
      "QAKey": "Q36!!!Y",
      "NextQ": "Q37"
   },
   {
      "QAKey": "Q37!!!Y",
      "NextQ": "Q38"
   },
   {
      "QAKey": "Q38!!!Y",
      "NextQ": "End"
   }
]
