[
   {
      "Sno": "Q1",
      "Question": "Enter an option from A to G for relevant business area:",
      "Options": "<ol type='A'><li> Data Innovation(DI)</li><li>Wealth Private Banking (Wealth / Premier / Affluent )</li><li>Fraud and Fin Crime(FFSA)</li><li>Commercial Banking(C&B)</li><li>Natwest Markets(NW)</li><li>Retail</li><li>Others</li></ol> ",
      "ValidAnswer": "[A,B,C,D,E,F,G]"
   },
   {
      "Sno": "Q10",
      "Question": "To get relevant reference HLSD,select an option from A/B<br></br>",
      "Options": "<ol type='A'><li> Batch</li><li>Streaming</li></ol> ",
      "ValidAnswer": "[A,B]"
   },
   {
      "Sno": "Q11",
      "Question": "To help you with further asessment of your work request,please provide following information- \nDescribe your use case.Also,share existing link(confluence/SharePoint) like data flow diagram,design diagram,business context diagram etc.",
      "Options": "<ol type='A'><li> Provide information and continue</li><li>Enter <b>Exit</b> to end this chat</li></ol> ",
      "ValidAnswer": "[  ]"
   },
   {
      "Sno": "Q12",
      "Question": "<b>Link for previously approved reference HLSD'S:</b>\n<a href='https://confluence.dts.fm.rbsgrp.net/display/EDG/Previously+approved+reference+HLSD%27s' target='_blank'>Previously approved reference HLSD's</a>\n<b>Link for patterns related to batch:</b>\n<a href='https://confluence.dts.fm.rbsgrp.net/display/EDG/Batch+Patterns+and+Reference+HLSD%27S' target='_blank'>Batch Patterns</a>\n<b> Enter A/Exit </b><br></br>",
      "Options": "<ol type='A'><li> Enter A to continue</li><li><b>Exit</b> to end this chat</li></ol> ",
      "ValidAnswer": "[A,Exit]"
   },
   {
      "Sno": "Q13",
      "Question": "Please answer following to generate relevant template HLSD.  \nIs your data existing within D&A stores e.g hadoop datalakes/Snowflake etc?.\n<b>Enter A/B</b>",
      "Options": "<ol type='A'><li> Yes</li><li>No</li></ol> ",
      "ValidAnswer": "[A,Exit]"
   },
   {
      "Sno": "Q14",
      "Question": "Refer this link to find your data - <a href='https://confluence.dts.fm.rbsgrp.net/pages/viewpage.action?pageId=1101620588' target='_blank'><b>D&A data catalogue</b></a>",
      "Options": "<ol type='A'><li> Yes </li><li>No</li></ol> ",
      "ValidAnswer": "[A,Exit]"
   },
   {
      "Sno": "Q15",
      "Question": "We highly recommend you to get in touch with business spoke to get a DA assigned as your request involves data analysis to find if data is existing  in D&A or not.\nEnter <b>Exit</b> to end the chat and talk to business spoke",
      "Options": "<ol type='A'><li> Enter A to continue for more</li><li><b>Exit</b> to end this chat</li></ol> ",
      "ValidAnswer": "[A,Exit]"
   },
   {
      "Sno": "Q16",
      "Question": "Are the sources you want to ingest golden data sources? \n<b>Golden Source:</b> Master Source for a defined set of data or a GSWG (Golden Source Working Group) approved copy of that Master.\nRefer golden source register at - <a href='https://intranet.rbsres01.net/ManagingRecordsData/DataZone/RBS-Data-KNowledgebase/Pages/Master-and-Golden-Sources.aspx' target='_blank'>Golden Source Register </a>\n<b>Enter A/B</b>",
      "Options": "<ol type='A'><li> Yes</li><li>No</li></ol> ",
      "ValidAnswer": "[A,B]"
   },
   {
      "Sno": "Q17",
      "Question": "Mention the <b>golden source system id</b> from golden source reqister and specify <b>additional fields</b> to be sourced",
      "Options": "<ol type='A'><li> Provide required information and continue</li><li>Enter <b>Exit</b> to end this chat</li></ol> ",
      "ValidAnswer": "[  ]"
   },
   {
      "Sno": "Q18",
      "Question": "What is the mitigation plan to move to golden data source?\nHave you raised <b>Technical Debt</b> for D&A approval? \n<b>Enter A/B</b>",
      "Options": "<ol type='A'><li> Yes, I have already done </li><li>No,Please provide link</li></ol> ",
      "ValidAnswer": "[A,B]"
   },
   {
      "Sno": "Q19",
      "Question": "Refer this link for more information at:\n<a href='https://confluence.dts.fm.rbsgrp.net/display' target='_blank'>Raise Technical Debt</a>",
      "Options": "<ol type='A'><li> </li><li>Enter A to continue for more</li><li><b>Exit</b> to end this chat</li></ol> ",
      "ValidAnswer": "[A,Exit]"
   },
   {
      "Sno": "Q2",
      "Question": "For Data Innovation, key contacts are:\n<b>Engagement lead-</b>Jamie Allason\n<b>Business spoke-</b>Graham Smith\nPlease reach out to them @  <a href='mailto:jamie.allason@natwest.com' target='_blank'>Jamie Allison</a> /<a href='mailto:graham.smith1@natwest.com' target='_blank'>Graham Smith</a>",
      "Options": "<ol type='A'><li> Enter A to continue for more</li><li><b>Exit</b> to end this chat</li></ol> ",
      "ValidAnswer": "[A,Exit]"
   },
   {
      "Sno": "Q20",
      "Question": "Template HLSD for <b>Batch</b>-Data egress using SQL querying tool:\n<a href=https://confluence.dts.fm.rbsgrp.net/display/EDG/Template+HLSD%28Based+on+how+data+will+be+consumed%29+and+Reference+links/#TemplateHLSD(Basedonhowdatawillbeconsumed)andReferencelinks-6.Batch-SQL-QUERY' target='_blank'>HLSD</a><br></br>",
      "Options": "<ol type='A'><li> Enter A to raise work request</li><li><b>Exit</b> to end this chat</li></ol> ",
      "ValidAnswer": "[A,Exit]"
   },
   {
      "Sno": "Q65",
      "Question": "Template HLSD for <b>Streaming</b>-Data egress using SQL querying tool:\n<a href=https://confluence.dts.fm.rbsgrp.net/display/EDG/Template+HLSD%28Based+on+how+data+will+be+consumed%29+and+Reference+links/#TemplateHLSD(Basedonhowdatawillbeconsumed)andReferencelinks-16.Streaming-SQLQuery-Reportingoncloud' target='_blank'>HLSD</a><br></br>",
      "Options": "<ol type='A'><li> Enter A to raise work request</li><li><b>Exit</b> to end this chat</li></ol> ",
      "ValidAnswer": "[A,Exit]"
   },
   {
      "Sno": "Q21",
      "Question": "Is there any sensitive/ secret data involved?D&A only support data classification up to confidential. \nIn case your data is secret classified then please reach out to spoke leads or tower leads for further guidance.",
      "Options": "<ol type='A'><li> No,secret data is not involved</li><li>Yes,secret data is involved</li></ol> ",
      "ValidAnswer": "[A,B]"
   },
   {
      "Sno": "Q22",
      "Question": "To bring secret data into the D&A datalake you might have to go through an <b>additional assessment</b>.\nWe may require more information before allowing secret data into D&A platforms. \n<b>Enter A to continue for more/Exit </b>",
      "Options": "<ol type='A'><li> Enter A to continue for more</li><li><b>Exit</b> to end this chat</li></ol> ",
      "ValidAnswer": "[A,Exit]"
   },
   {
      "Sno": "Q23",
      "Question": "Do you want to look at patterns related to data science?Select an option from A/B<br></br>",
      "Options": "<ol type='A'><li> Yes</li><li>No </li></ol> ",
      "ValidAnswer": "[A,B]"
   },
   {
      "Sno": "Q24",
      "Question": "<b>Enterprise Data:</b> Data which has a usage for enterprise wide use-cases like Customer Data, Account Data etc.\n         <b>Non Enterprise Data:</b>Domain Specific data whose usecase is limited to a project team within a Domain e.g. Fraud/ Risk etc. \n<b>Enter A/B</b> to specify the type of new data you wish to onboard",
      "Options": "<ol type='A'><li> Enterprise data</li><li>Non enterprise data</li></ol> ",
      "ValidAnswer": "[   ]"
   },
   {
      "Sno": "Q25",
      "Question": "What is the expected tier of your application?\nD&A supports tier 3 applications and in some cases tier 2 as well.In case your application belongs to tier 1 then detailed discussions would be required.\nFind D&A platforms service supported tier information at:\n<a href='https://confluence.dts.fm.rbsgrp.net/pages/viewpage.action?pageId=595207957#ISBIA&CIInfo' target='_blank'> <b>Supported Tiering within D&A</b></a>",
      "Options": "<ol type='A'><li> Provide <b>tier information</b> and continue</li><li>Enter <b>Exit</b> to end this chat</li></ol> ",
      "ValidAnswer": "[  ]"
   },
   {
      "Sno": "Q26",
      "Question": "Provide <b>ISBIA number</b> and <b>CIA</b> ratings for your application.           \nRefer this link for more information at:\n<a href='https://confluence.dts.fm.rbsgrp.net/display/EDG/CIA+summary' target='_blank'><b>Supported CIA ratings of D&A platforms</b></a> ",
      "Options": "<ol type='A'><li> Provide <b>details</b> and continue</li><li>Enter <b>Exit</b> to end this chat </li></ol> ",
      "ValidAnswer": "[  ]"
   },
   {
      "Sno": "Q27",
      "Question": "What is the calculated PIA score for your application? \nRefer this link for more information at:\n<a href='https://intranet.rbsres01.net/Legal/PrivacyandClientConfidentiality/Pages/default.aspx' target='_blank'><b>PIA Score Calcuation</b> </a>",
      "Options": "<ol type='A'><li> Provide PIA and continue</li><li>Enter <b>Exit</b> to end this chat</li></ol> ",
      "ValidAnswer": "[  ]"
   },
   {
      "Sno": "Q28",
      "Question": "Summarize the non-functional requirements eg.user batch concurrency, data retention period, Batch SLA etc.?\nRefer this link for more information at:                 \n<a href='https://confluence.dts.fm.rbsgrp.net/display/EDG/Draft+Non+Functional+Requirements' target='_blank'><b>NFR Information Link</b> </a>",
      "Options": "<ol type='A'><li> Provide NFR's and continue</li><li>Enter <b>Exit</b> to end this chat</li></ol> ",
      "ValidAnswer": "[  ]"
   },
   {
      "Sno": "Q29",
      "Question": "Do you need to onboard new data into D&A stores before consumption? \n<b>Enter A/B</b>",
      "Options": "<ol type='A'><li> Yes</li><li>No,my data is existing</li></ol> ",
      "ValidAnswer": "[A,B]"
   },
   {
      "Sno": "Q3",
      "Question": "For Wealth Private Banking, key contacts are:\n<b>Engagement lead-</b>Gavin Skinner\n<b>Business spoke-</b>Graham Smith\nPlease reach out to them @ <a href='mailto:gavin.skinner@natwest.com' target='_blank'>Gavin Skinner</a> /<a href='mailto:graham.smith1@natwest.com' target='_blank'>Graham Smith</a>",
      "Options": "<ol type='A'><li> Enter A to continue for more</li><li><b>Exit</b> to end this chat</li></ol> ",
      "ValidAnswer": "[A,Exit]"
   },
   {
      "Sno": "Q30",
      "Question": "Refer this link for more information on patterns to process existing data within D&A:\n<a href='https://confluence.dts.fm.rbsgrp.net/pages/viewpage.action?pageId=1107602035' target='_blank'>Patterns guide</a><br></br>",
      "Options": "<ol type='A'><li>  Enter A to continue for more </li><li><b>Exit</b> to end this chat</li></ol> ",
      "ValidAnswer": "[A,Exit]"
   },
   {
      "Sno": "Q31",
      "Question": "Refer this link for more information on patterns to ingest data into D&A:\n<a href='https://confluence.dts.fm.rbsgrp.net/pages/viewpage.action?pageId=1107602035' target='_blank'>Patterns guide</a><br></br>",
      "Options": "<ol type='A'><li>  Enter A to continue for more</li><li> <b>Exit</b> to end this chat</li></ol> ",
      "ValidAnswer": "[A,Exit]"
   },
   {
      "Sno": "Q32",
      "Question": "<b>Link for previously approved reference HLSD'S:</b>\n<a href='https://confluence.dts.fm.rbsgrp.net/display/EDG/Previously+approved+reference+HLSD%27s' target='_blank'>Previously approved reference HLSD's</a>\n<b>Link for patterns related to streaming:</b>\n<a href='https://confluence.dts.fm.rbsgrp.net/display/EDG/Streaming+patterns+and+reference+hlsd%27s' target='_blank'> Streaming patterns</a>\n<b> Enter A/Exit </b><br></br>",
      "Options": "<ol type='A'><li> Enter A to continue</li><li><b>Exit</b> to end this chat </li></ol> ",
      "ValidAnswer": "[A,Exit]"
   },
   {
      "Sno": "Q33",
      "Question": "<b>Link for patterns related to Data Science:</b>\n<a href='https://confluence.dts.fm.rbsgrp.net/pages/viewpage.action?pageId=1101389032' target='_blank'>Data Science/Machine learning patterns</a><br></br>",
      "Options": "<ol type='A'><li> Enter <b>Exit</b> to end this chat </li></ol> ",
      "ValidAnswer": "[Exit]"
   },
   {
      "Sno": "Q34",
      "Question": "Are source system producing data in streams(real time) \nor \nbatch(job executes once in a day at specific time)?  \n<b>Enter A/B</b>",
      "Options": "<ol type='A'><li> Batch</li><li>Streams</li></ol> ",
      "ValidAnswer": "[A,B]"
   },
   {
      "Sno": "Q35",
      "Question": "Thanks for coming here,Hope I was able to help you.Have a nice day!<br></br>",
      "Options": "<ol type='A'><li> Enter <b>Exit</b> to end this chat </li></ol> ",
      "ValidAnswer": "[Exit]"
   },
   {
      "Sno": "Q36",
      "Question": "Refer this link for more information on patterns to process new data and ingest into D&A stores:<a href='https://confluence.dts.fm.rbsgrp.net/pages/viewpage.action?pageId=1107602035' target='_blank'>Patterns guide</a><br></br>",
      "Options": "<ol type='A'><li> Enter A to continue for more</li><li><b>Exit</b> to end this chat</li></ol> ",
      "ValidAnswer": "[A,Exit]"
   },
   {
      "Sno": "Q37",
      "Question": "Select an option for batch data consumption from A to H",
      "Options": "<ol type='A'><li> Build extracts for downstream(system on cloud)</li><li> Build extracts for downstream(system on-premise)</li><li>Reporting</li><li>Api to publish data to a web application</li><li>Perform data anlalysis using SQL Querying tool</li><li>Data Science/Machine learning</li><li>Data archival and Data Migration to AWS</li><li>Others</li></ol> ",
      "ValidAnswer": "[A,B,C,D,E,F,G,H]"
   },
   {
      "Sno": "Q38",
      "Question": "\nWhat type of streaming service you require ?\nSelect an option from A to D",
      "Options": "<ol type='A'><li> Paas-Where we setup a platform to develop your system</li><li>Delivery</li><li>Consultancy</li><li>Not sure</li></ol> ",
      "ValidAnswer": "[     ]"
   },
   {
      "Sno": "Q39",
      "Question": "Are you an existing streaming tenants?Enter A/B",
      "Options": "<ol type='A'><li> Yes</li><li>No</li></ol> ",
      "ValidAnswer": "[     ]"
   },
   {
      "Sno": "Q4",
      "Question": "For Fraud and Fin Crime, key contacts are:\n<b>Engagement lead-</b>Neil Ford\n<b>Business spoke-</b>Corinne King\nPlease reach out to them @  <a href='mailto:neil.ford@natwest.com' target='_blank'>Neil Ford</a> /<a href='mailto:corinne.king@natwest.com' target='_blank'>Corinne King</a>",
      "Options": "<ol type='A'><li> Enter A to continue for more</li><li><b>Exit</b> to end this chat</li></ol> ",
      "ValidAnswer": "[A,Exit]"
   },
   {
      "Sno": "Q40",
      "Question": "Is consumer(target) system within bank or external to the bank?\n<b>Within bank</b>-self service read\n<b>Outside Bank</b>-handshake required to get the files\n<b> Enter A/B </b><br></br>",
      "Options": "<ol type='A'><li> Internal</li><li>External</li></ol> ",
      "ValidAnswer": "[     ]"
   },
   {
      "Sno": "Q41",
      "Question": "Do you have writeback also involved?\n<b> Enter A/B </b><br></br>",
      "Options": "<ol type='A'><li> Yes</li><li>No</li></ol> ",
      "ValidAnswer": "[     ]"
   },
   {
      "Sno": "Q42",
      "Question": "More information about above options:\n<b>Find,existing data within D&A stores:</b>Use case where user wants to find out if a particular data is existing within D&A data stores or not\n<b>Analyse existing data:</b> Use case where user wants to perform further analysis on data existing within D&A stores to find particular fields etc\n<b> Batch/streaming-New Data onboarding in D&A and data consumption/ Reporting:</b>Use case where user wants to onboard a new data source using a batch job/as streams(real time events)  and consume using following means:api to fetch data from hadoop,data integrated with other systems,build extracts(small datasets) from existing data,Reporting,Data science/machine learning,Data Integration,data archival etc.",
      "Options": "<ol type='A'><li> Enter A to continue for more</li><li><b>Exit</b> to end this chat</li></ol> ",
      "ValidAnswer": "[A,Exit]"
   },
   {
      "Sno": "Q43",
      "Question": "Hope you are clear with the above scenarios and able to choose your use case.  \nSelect an option from A to E:<br></br>",
      "Options": "<ol type='A'><li> Find,existing data within D&A stores?</li><li>Analyse existing data</li><li>Batch/Streaming-New Data onboarding in D&A for consumption/ ReportingConsuming/Reporting existing data in D&A</li><li>I want to <b>Exit</b> and raise request manually as my use case not listed here</li></ol> ",
      "ValidAnswer": "[A,B,C,D,E]"
   },
   {
      "Sno": "Q44",
      "Question": "Since your use case is not listed here,\nTo raise a work request,please drop a mail to D&A engagement group at :\n<a href='mailto:fm-032571@rbos.co.uk' target='_blank'><b>~ DAT_BusinessEngagement</b></a> ",
      "Options": "<ol type='A'><li> Enter <b>Exit</b> to end this chat</li></ol> ",
      "ValidAnswer": "[Exit]"
   },
   {
      "Sno": "Q45",
      "Question": "Are there any regulatory considerations?Enter A/B",
      "Options": "<ol type='A'><li> Yes</li><li>No</li></ol> ",
      "ValidAnswer": "[A,B]"
   },
   {
      "Sno": "Q46",
      "Question": "If regulatory considerations apply what are they please list i.e., GDPR, MiFID, BCBS239, privacy data ?",
      "Options": "<ol type='A'><li> Provide <b>details</b> and continue</li><li>Enter <b>Exit</b> to end this chat </li></ol> ",
      "ValidAnswer": "[     ]"
   },
   {
      "Sno": "Q47",
      "Question": "What is your current Volumetrics (if applicable)?Also ,provide details about forecasted volumetrics over the next 3 years",
      "Options": "<ol type='A'><li> Enter <b>Exit</b> to end this chat </li></ol> ",
      "ValidAnswer": "[     ]"
   },
   {
      "Sno": "Q48",
      "Question": "Provide the name of the NatWest applications that will create the streaming data (Provide CI numbers from SNOW)?",
      "Options": "<ol type='A'><li> Enter <b>Exit</b> to end this chat </li></ol> ",
      "ValidAnswer": "[     ]"
   },
   {
      "Sno": "Q5",
      "Question": "For Commercial Banking, key contacts are:\n<b>Engagement lead-</b>Stephen Connelly\n<b>Business spoke-</b>Raja\nPlease reach out to them @  <a href='mailto:stephen.connelly@natwest.com' target='_blank'>Stephen Connelly</a> /<a href='mailto:graham.smith1@natwest.com' target='_blank'>Graham Smith</a>",
      "Options": "<ol type='A'><li> Enter A to continue for more</li><li><b>Exit</b> to end this chat</li></ol> ",
      "ValidAnswer": "[A,Exit]"
   },
   {
      "Sno": "Q51",
      "Question": "Do you want to perform processing on new data being brought before consuming?\n<b>Enter A/B</b>",
      "Options": "<ol type='A'><li> </li><li>Yes</li><li>No</li></ol> ",
      "ValidAnswer": "[A,B]"
   },
   {
      "Sno": "Q52",
      "Question": "Are source system producing data in streams(real time) or batch(job executes once in a day at specific time)?           \n<b>Enter A/B</b><br></br>",
      "Options": "<ol type='A'><li> Batch</li><li>Streams</li></ol> ",
      "ValidAnswer": "[A,B]"
   },
   {
      "Sno": "Q64",
      "Question": "Are source system producing data in streams(real time) or batch(job executes once in a day at specific time)?           \n<b>Enter A/B</b><br></br>",
      "Options": "<ol type='A'><li> Batch</li><li>Streams</li></ol> ",
      "ValidAnswer": "[A,B]"
   },
   {
      "Sno": "Q53",
      "Question": "Template HLSD for Streaming + Magellan(build and train)+ Model deployed on cloud(AWS) :\n<a href='https://confluence.dts.fm.rbsgrp.net/display/EDG/Template+HLSD%28Based+on+how+data+will+be+consumed%29+and+Reference+links/#TemplateHLSD(Basedonhowdatawillbeconsumed)andReferencelinks-10.Streaming-ML-modeldeployedoncloud' target='_blank'>HLSD</a><br></br>",
      "Options": "<ol type='A'><li> Enter A to raise work request</li><li><b>Exit</b> to end this chat</li></ol> ",
      "ValidAnswer": "[A,Exit]"
   },
   {
      "Sno": "Q57",
      "Question": "Is your data existing within D&A cloud store or D&A On-premise store?\n<br></br>",
      "Options": "<ol type='A'><li> <li> Provide <b>information</b> and continue</li><li>Enter <b>Exit</b> to end this chat</li></ol> ",
      "ValidAnswer": "[   ]"
   },
   {
      "Sno": "Q58",
      "Question": "Template HLSD for  <b>Batch</b>-Data egress using api to publish data to web app on cloud :\n<a href=https://confluence.dts.fm.rbsgrp.net/display/EDG/Template+HLSD%28Based+on+how+data+will+be+consumed%29+and+Reference+links/#TemplateHLSD(Basedonhowdatawillbeconsumed)andReferencelinks-8.Batch-API-WebApponcloud' target='_blank'>HLSD</a><br></br>",
      "Options": "<ol type='A'><li> Enter A to raise work request</li><li><b>Exit</b> to end this chat</li></ol> ",
      "ValidAnswer": "[A,Exit]"
   },
   {
      "Sno": "Q59",
      "Question": "Template HLSD for Machine learning + Feature bank:\n<a href='https://confluence.dts.fm.rbsgrp.net/display/EDG/Template+HLSD%28Based+on+how+data+will+be+consumed%29+and+Reference+links/#TemplateHLSD(Basedonhowdatawillbeconsumed)andReferencelinks-11.ML-Featurebank' target='_blank'>HLSD</a><br></br>",
      "Options": "<ol type='A'><li> Enter A to continue for more </li><li><b>Exit</b> to end this chat</li></ol> ",
      "ValidAnswer": "[A,Exit]"
   },
   {
      "Sno": "Q6",
      "Question": "For Natwest Markets, key contacts are:\n<b>Engagement lead-</b>Stephen Connelly\n<b>Business spoke-</b>Raja\nPlease reach out to them @  <a href='mailto:stephen.connelly@natwest.com' target='_blank'>Stephen Connelly</a> /<a href='mailto:graham.smith1@natwest.com' target='_blank'>Graham Smith</a>",
      "Options": "<ol type='A'><li> Enter A to continue for more</li><li><b>Exit</b> to end this chat</li></ol> ",
      "ValidAnswer": "[A,Exit]"
   },
   {
      "Sno": "Q60",
      "Question": "D&A encourages tenants to do self service Reporting using tools like tablaeu/thoughtspot etc based on the available liacenses.\nDo you have capablity to do self service reporting from snowflake as data warehouse?\n<b> Enter A/B </b><br></br>",
      "Options": "<ol type='A'><li> Yes</li><li>No we need to do reporting on data existing in on-premise D&A stores </li></ol> ",
      "ValidAnswer": "[A,B]"
   },
   {
      "Sno": "Q61",
      "Question": "Since you are choosing to use on-premise for reporting ,please justify the need and share plan to migrate to cloud as post q2 we would be migrating to cloud.\n<b> Enter A/Exit </b><br></br>",
      "Options": "<ol type='A'><li> Yes,I understand and have raised tech debt for same please continue<b>Exit</b> to end this chat</li></ol> ",
      "ValidAnswer": "[A,Exit]"
   },
   {
      "Sno": "Q62",
      "Question": "Choose an option from A to D",
      "Options": "<ol type='A'><li> Browse the existing D&A data catalogue</li><li>Analyse existing data</li><li>Batch/Streaming-New Data onboarding in D&A and data consumption/Reporting</li><li>I want to understand more about these options</li></ol> ",
      "ValidAnswer": "[A,B,C,D]"
   },
   {
      "Sno": "Q68",
      "Question": "Template HLSD for <b>Batch</b>-machine learning + model deployed on premise:\n<a href='https://confluence.dts.fm.rbsgrp.net/display/EDG/Template+HLSD%28Based+on+how+data+will+be+consumed%29+and+Reference+links/#TemplateHLSD(Basedonhowdatawillbeconsumed)andReferencelinks-12.Batch-ML-modeldeployedonpremise' target='_blank'>HLSD</a><br></br>",
      "Options": "<ol type='A'><li> Enter A to raise work request</li><li><b>Exit</b> to end this chat</li></ol> ",
      "ValidAnswer": "[A,Exit]"
   },
   {
      "Sno": "Q69",
      "Question": "Streaming-Where do you want model to be hosted?\n<b>Enter A/B</b><br></br>",
      "Options": "<ol type='A'><li> On-premise</li><li>Cloud</li></ol> ",
      "ValidAnswer": "[A,B]"
   },
   {
      "Sno": "Q7",
      "Question": "For Retail, key contacts are:\n<b>Engagement lead-</b>Keith Hill\n<b>Business spoke-</b>Karen Dewar\nPlease reach out to them @  <a href='mailto:keith.hill@natwest.com' target='_blank'>Keith Hill</a> /<a href='mailto:karen.dewar@natwest.com' target='_blank'>Karen Dewar</a>",
      "Options": "<ol type='A'><li> Enter A to continue for more</li><li><b>Exit</b> to end this chat</li></ol> ",
      "ValidAnswer": "[A,Exit]"
   },
   {
      "Sno": "Q70",
      "Question": "<a href='mailto:fm-032571@rbos.co.uk' target='_blank'><b>~ DAT_BusinessEngagement</b></a> for work request initiation.",
      "Options": "<ol type='A'><li> Enter A for relevant template HLSD generation </li><li><b>Exit</b> to end this chat</li></ol> ",
      "ValidAnswer": "[Exit]"
   },
   {
      "Sno": "Q71",
      "Question": "<b>Data Availability:</b> Do we have it all in EDH already or will fresh sourcing be required?\n<b>Enter A/B</b>",
      "Options": "<ol type='A'><li> Yes</li><li>No</li></ol> ",
      "ValidAnswer": "[A,B]"
   },
   {
      "Sno": "Q72",
      "Question": "<b>Data Quality:</b>-Is the DQ of an acceptable standard? If not, how/who remediates?",
      "Options": "<ol type='A'><li> Provide <b>information</b> and continue</li><li>Enter <b>Exit</b> to end this chat</li></ol> ",
      "ValidAnswer": "[  ]"
   },
   {
      "Sno": "Q73",
      "Question": "What is the frequency for model training, inference and retraining?\n<b>Enter A/B</b>",
      "Options": "<ol type='A'><li> Provide <b>information</b> and continue</li><li>Enter <b>Exit</b> to end this chat</li></ol> ",
      "ValidAnswer": "[  ]"
   },
   {
      "Sno": "Q74",
      "Question": "Where do you want model to be hosted?\n<b>Enter A/B</b>",
      "Options": "<ol type='A'><li> On-premise</li><li>Cloud</li></ol> ",
      "ValidAnswer": "[A,B]"
   },
   {
      "Sno": "Q75",
      "Question": "Are any processes required to be put in place to monitor the data when the model is live?",
      "Options": "<ol type='A'><li> Provide <b>information</b> and continue</li><li>Enter <b>Exit</b> to end this chat</li></ol> ",
      "ValidAnswer": "[  ]"
   },
   {
      "Sno": "Q76",
      "Question": "No,reference HLSD found.Do you want to continue to raise a work request?\n<b>Enter A/B</b><br></br>",
      "Options": "<ol type='A'><li> Yes</li><li><b>Exit</b> to end this chat</li></ol> ",
      "ValidAnswer": "[A,Exit]"
   },
   {
      "Sno": "Q77",
      "Question": "Does the model intend to use Feature Bank?\n<b>Enter A/B</b>",
      "Options": "<ol type='A'><li> Yes</li><li>No</li></ol> ",
      "ValidAnswer": "[A,B]"
   },
   {
      "Sno": "Q78",
      "Question": "Is an uplift of new Features required? Examine existing content first.\n<b>Enter A/B</b>",
      "Options": "<ol type='A'><li> Yes</li><li>No</li></ol> ",
      "ValidAnswer": "[    ]"
   },
   {
      "Sno": "Q79",
      "Question": "How will model be exposed/called?\nSelect an option from A to E ",
      "Options": "<ol type='A'><li> Rest API endpoint against Sagemaker</li><li>Event driven triggervia Streamsets</li><li>ETL</li><li>Lambda</li><li>AWS Notifications</li></ol> ",
      "ValidAnswer": "[   ]"
   },
   {
      "Sno": "Q8",
      "Question": "Choose an option from A/B:",
      "Options": "<ol type='A'><li> Understand D&A processes in order to raise a new work request and also generate template HLSD</li><li>Get link to reference hlsd's for previous solutioning work done within D&A</li></ol> ",
      "ValidAnswer": "[A,B]"
   },
   {
      "Sno": "Q80",
      "Question": "Is there any requirement for external 3rd party data?\n<b>Enter A/B</b>",
      "Options": "<ol type='A'><li> Yes</li><li>No</li></ol> ",
      "ValidAnswer": "[  ]"
   },
   {
      "Sno": "Q81",
      "Question": "Here is the link to template HLSD for Batch + Machine Learning + Model deployed on cloud:\n<a href='https://confluence.dts.fm.rbsgrp.net/display/EDG/Template+HLSD%28Based+on+how+data+will+be+consumed%29+and+Reference+links/#TemplateHLSD(Basedonhowdatawillbeconsumed)andReferencelinks-9.Batch-ML-modeldepolyed-cloud' target='_blank'>HLSD</a><br></br>",
      "Options": "<ol type='A'><li> Enter A to raise work request</li><li><b>Exit</b> to end this chat</li></ol> ",
      "ValidAnswer": "[Exit]"
   },
   {
      "Sno": "Q82",
      "Question": "\nAs per above link,does D&A store contains the required data?\n<b>Enter A/B/C</b>",
      "Options": "<ol type='A'><li> Yes</li><li>No</li><li>Not sure</li></ol> ",
      "ValidAnswer": "[A,B,C]"
   },
   {
      "Sno": "Q83",
      "Question": "If you need access, Raise <b>RITM</b> for required database at:\n<a href='https://rbos.service-now.com/myserviceportal?id=sc_category&sys_id=ce961014dbc3bfc0668a365b689619f2' target='_blank'>Big data Hadoop platform support</a>",
      "Options": "<ol type='A'><li> Enter A to continue for more </li><li><b>Exit</b> to end this chat</li></ol> ",
      "ValidAnswer": "[A,Exit]"
   },
   {
      "Sno": "Q84",
      "Question": "You can now generate a pdf and submit it to @ Engagement group :\n<a href='mailto:fm-032571@rbos.co.uk' target='_blank'><b>~ DAT_BusinessEngagement</b></a> for work request initiation.",
      "Options": "<ol type='A'><li> <b>Exit</b> to end this chat</li></ol> ",
      "ValidAnswer": "[Exit]"
   },
   {
      "Sno": "Q85",
      "Question": "Template HLSD for <b>Batch</b>-Data consumption by downstream application on cloud :\n<a href=https://confluence.dts.fm.rbsgrp.net/display/EDG/Template+HLSD%28Based+on+how+data+will+be+consumed%29+and+Reference+links/#TemplateHLSD(Basedonhowdatawillbeconsumed)andReferencelinks-4.Batch-Downstream-cloud' target='_blank'>HLSD</a><br></br>",
      "Options": "<ol type='A'><li> Enter A to raise work request</li><li><b>Exit</b> to end this chat</li></ol> ",
      "ValidAnswer": "[A,Exit]"
   },
   {
      "Sno": "Q50",
      "Question": "Template HLSD for <b>Streaming</b>-Data consumption by downstream application on cloud :\n<a href=https://confluence.dts.fm.rbsgrp.net/display/EDG/Template+HLSD%28Based+on+how+data+will+be+consumed%29+and+Reference+links/#TemplateHLSD(Basedonhowdatawillbeconsumed)andReferencelinks-17.Streaming-Downstream-cloud' target='_blank'>HLSD</a><br></br>",
      "Options": "<ol type='A'><li> Enter A to raise work request</li><li><b>Exit</b> to end this chat</li></ol> ",
      "ValidAnswer": "[A,Exit]"
   },
   {
      "Sno": "Q86",
      "Question": "Template HLSD for <b>Batch</b>- Data consumption by downstream application on-premise:\n<a href=https://confluence.dts.fm.rbsgrp.net/display/EDG/Template+HLSD%28Based+on+how+data+will+be+consumed%29+and+Reference+links/#TemplateHLSD(Basedonhowdatawillbeconsumed)andReferencelinks-2.Batch-Downstream-onpremise' target='_blank'>HLSD</a><br></br>",
      "Options": "<ol type='A'><li> Enter A to raise work request</li><li><b>Exit</b> to end this chat</li></ol> ",
      "ValidAnswer": "[A,Exit]"
   },
   {
      "Sno": "Q54",
      "Question": "Template HLSD for <b>Streaming</b>- Data consumption by downstream application on-premise:\n<a href=https://confluence.dts.fm.rbsgrp.net/display/EDG/Template+HLSD%28Based+on+how+data+will+be+consumed%29+and+Reference+links/#TemplateHLSD(Basedonhowdatawillbeconsumed)andReferencelinks-18Streaming-Downstream-onpremise' target='_blank'>HLSD</a><br></br>",
      "Options": "<ol type='A'><li> Enter A to raise work request</li><li><b>Exit</b> to end this chat</li></ol> ",
      "ValidAnswer": "[A,Exit]"
   },
   {
      "Sno": "Q87",
      "Question": "Template HLSD for <b>Batch</b>- Onpremise data archival + Data Migration to cloud :\n<a href=https://confluence.dts.fm.rbsgrp.net/display/EDG/Template+HLSD%28Based+on+how+data+will+be+consumed%29+and+Reference+links/#TemplateHLSD(Basedonhowdatawillbeconsumed)andReferencelinks-5.Batch-Onpremise-DataArchival+DataMigration' target='_blank'>HLSD</a><br></br>",
      "Options": "<ol type='A'><li> Enter A to raise work request</li><li><b>Exit</b> to end this chat</li></ol> ",
      "ValidAnswer": "[A,Exit]"
   },
   {
      "Sno": "Q55",
      "Question": "Template HLSD for <b>Streaming</b>-Onpremise data archival + Data Migration to cloud :\n<a href=https://confluence.dts.fm.rbsgrp.net/display/EDG/Template+HLSD%28Based+on+how+data+will+be+consumed%29+and+Reference+links/#TemplateHLSD(Basedonhowdatawillbeconsumed)andReferencelinks-19.Streaming-Datamigration-Dataarchival' target='_blank'>HLSD</a><br></br>",
      "Options": "<ol type='A'><li> Enter A to raise work request</li><li><b>Exit</b> to end this chat</li></ol> ",
      "ValidAnswer": "[A,Exit]"
   },
   {
      "Sno": "Q88",
      "Question": "Template HLSD for <Batch>-Data egress using Reporting tool on-premise:\n<a href=https://confluence.dts.fm.rbsgrp.net/display/EDG/Template+HLSD%28Based+on+how+data+will+be+consumed%29+and+Reference+links/#TemplateHLSD(Basedonhowdatawillbeconsumed)andReferencelinks-1.Batch-Reporting-onpremise' target='_blank'>HLSD</a><br></br>",
      "Options": "<ol type='A'><li> Enter A to raise work request</li><li><b>Exit</b> to end this chat</li></ol> ",
      "ValidAnswer": "[A,Exit]"
   },
   {
      "Sno": "Q56",
      "Question": "Template HLSD for <Streaming>-Data egress using Reporting tool on-premise:\n<a href=https://confluence.dts.fm.rbsgrp.net/display/EDG/Template+HLSD%28Based+on+how+data+will+be+consumed%29+and+Reference+links/#TemplateHLSD(Basedonhowdatawillbeconsumed)andReferencelinks-13.Streaming-Datamodelling-Reportingonpremise' target='_blank'>HLSD</a><br></br>",
      "Options": "<ol type='A'><li> Enter A to raise work request</li><li><b>Exit</b> to end this chat</li></ol> ",
      "ValidAnswer": "[A,Exit]"
   },
   {
      "Sno": "Q89",
      "Question": "Template HLSD for <b>Batch</b>-Data egress using api into web application: \n<a href=https://confluence.dts.fm.rbsgrp.net/display/EDG/Template+HLSD%28Based+on+how+data+will+be+consumed%29+and+Reference+links/#TemplateHLSD(Basedonhowdatawillbeconsumed)andReferencelinks-3.Batch-API-Webapponpremise' target='_blank'>HLSD</a><br></br> ",
      "Options": "<ol type='A'><li> Enter A to raise work request</li><li><b>Exit</b> to end this chat</li></ol> ",
      "ValidAnswer": "[A,Exit]"
   },
   {
      "Sno": "Q49",
      "Question": "Template HLSD for <b>Streaming</b>-Data egress using api into web application:\n<a href=https://confluence.dts.fm.rbsgrp.net/display/EDG/Template+HLSD%28Based+on+how+data+will+be+consumed%29+and+Reference+links/#TemplateHLSD(Basedonhowdatawillbeconsumed)andReferencelinks-15.Streaming-API-WebApp' target='_blank'>HLSD</a><br></br>",
      "Options": "<ol type='A'><li> Enter A to raise work request</li><li><b>Exit</b> to end this chat</li></ol> ",
      "ValidAnswer": "[A,Exit]"
   },
   {
      "Sno": "Q9",
      "Question": "Please describe your use case and also share confluence/sharepoint link(if any)to give more insights into your usecase.",
      "Options": "<ol type='A'><li> Provide information and continue</li><li>Enter <b>Exit</b> to end this chat</li></ol> ",
      "ValidAnswer": "[  ]"
   },
   {
      "Sno": "Q90",
      "Question": "Since,your consumption type is not listed,please specify how you want to consume data<br></br>",
      "Options": "<ol type='A'><li> Enter details and continue to raise work request</li><li><b>Exit</b> to end this chat</li></ol> ",
      "ValidAnswer": "[A,Exit]"
   },
   {
      "Sno": "Q91",
      "Question": "Do you want to perform processing on existing data in D&A before consuming?\n<b>Enter A/B </b><br></br>",
      "Options": "<ol type='A'><li> Yes</li><li>No</li></ol> ",
      "ValidAnswer": "[A,B]"
   },
   {
      "Sno": "Q92",
      "Question": "Template HLSD for <b>Streaming</b>-Reporting on cloud :\n<a href=https://confluence.dts.fm.rbsgrp.net/display/EDG/Template+HLSD%28Based+on+how+data+will+be+consumed%29+and+Reference+links/#TemplateHLSD(Basedonhowdatawillbeconsumed)andReferencelinks-16.Streaming-SQLQuery-Reportingoncloud' target='_blank'>HLSD</a><br></br>",
      "Options": "<ol type='A'><li> Enter A to raise work request</li><li><b>Exit</b> to end this chat</li></ol> ",
      "ValidAnswer": "[A,Exit]"
   },
   {
      "Sno": "Q93",
      "Question": "Template HLSD for <b>Batch</b>-Reporting on cloud:\n<a href=https://confluence.dts.fm.rbsgrp.net/display/EDG/Template+HLSD%28Based+on+how+data+will+be+consumed%29+and+Reference+links/#TemplateHLSD(Basedonhowdatawillbeconsumed)andReferencelinks-7.Batch-Reporting-cloud' target='_blank'>HLSD</a><br></br>",
      "Options": "<ol type='A'><li> Enter A to raise work request</li><li><b>Exit</b> to end this chat</li></ol> ",
      "ValidAnswer": "[A,Exit]"
   },
   {
      "Sno": "Q66",
      "Question": "Template HLSD for <b>Streaming</b>-low latency access using ODS(Mongo DB) :\n<a href=https://confluence.dts.fm.rbsgrp.net/display/EDG/Template+HLSD%28Based+on+how+data+will+be+consumed%29+and+Reference+links/#TemplateHLSD(Basedonhowdatawillbeconsumed)andReferencelinks-14.Streaming-lowlatency(ODS)' target='_blank'>HLSD</a><br></br>",
      "Options": "<ol type='A'><li> Enter A to raise work request</li><li><b>Exit</b> to end this chat</li></ol> ",
      "ValidAnswer": "[A,Exit]"
   },
   {
      "Sno": "Q67",
      "Question": "Do you have requirement of low latency access?",
      "Options": "<ol type='A'><li> Yes</li><li>No</li></ol> ",
      "ValidAnswer": "[A,B]"
   },
   {
      "Sno": "Q63",
      "Question": "Select an option for streaming data consumption from A to H",
      "Options": "<ol type='A'><li> Build extracts for downstream(system on cloud)</li><li> Build extracts for downstream(system on-premise)</li><li>Reporting</li><li>Api to publish data to a web application</li><li>Perform data anlalysis using SQL Querying tool</li><li>Data Science/Machine learning</li><li>Data archival and Data Migration to AWS</li><li>Others</li></ol> ",
      "ValidAnswer": "[A,B,C,D,E,F,G,H]"
   }
]
