[
   {
      "Sno": "Q1",
      "Question": "Enter an option from A to G for relevant business area:<br></br>",
      "Options": "<ol type='A'><li> Data Innovation(DI)</li><li>Wealth Private Banking (WPB)</li><li>Fraud and Fin Crime(FFSA)</li><li>Commercial Banking(C&B)</li><li>Natwest Markets(NW)</li><li>Retail</li><li>Other</li></ol> ",
      "ValidAnswer": "[A,B,C,D,E,F,G]"
   },
   {
      "Sno": "Q2",
      "Question": "For Data Innovation, key contacts are:<ul><li><b>Engagement lead-</b>Jamie Allason</li><li><b>Business spoke-</b>Graham Smith</li></ul>Please reach out to them @  <a href='mailto:jamie.allason@natwest.com' target='_blank'>Jamie Allison</a> /<a href='mailto:graham.smith1@natwest.com' target='_blank'>Graham Smith</a><br></br>",
      "Options": "<ol type='A'><li> Enter A to continue for more</li><li><b>Exit</b> to end this chat</li></ol> ",
      "ValidAnswer": "[A,Exit]"
   },
   {
      "Sno": "Q3",
	  "Question": "For Wealth Private Banking, key contacts are:<ul><li><b>Engagement lead-</b>Gavin Skinner</li><li><b>Business spoke-</b>Graham Smith</li></ul>Please reach out to them @ <a href='mailto:gavin.skinner@natwest.com' target='_blank'>Gavin Skinner</a> /<a href='mailto:graham.smith1@natwest.com' target='_blank'>Graham Smith</a><br></br>",    
      "Options": "<ol type='A'><li> Enter A to continue for more</li><li> <b>Exit</b> to end this chat</li></ol> ",
      "ValidAnswer": "[A,Exit]"
   },
   {
      "Sno": "Q4",
	  "Question": "For Fraud and Fin Crime, key contacts are:<ul><li><b>Engagement lead-</b>Neil Ford</li><li><b>Business spoke-</b>Corinne King</li></ul>Please reach out to them @  <a href='mailto:neil.ford@natwest.com' target='_blank'>Neil Ford</a> /<a href='mailto:corinne.king@natwest.com' target='_blank'>Corinne King</a><br></br>",     
      "Options": "<ol type='A'><li> Enter A to continue for more </li><li> <b>Exit</b> to end this chat</li></ol> ",
      "ValidAnswer": "[A,Exit]"
   },
   {
      "Sno": "Q5",
	  "Question": "For Commercial Banking, key contacts are:<ul><li><b>Engagement lead-</b>Stephen Connelly</li><li><b>Business spoke-</b>Raja</li></ul>Please reach out to them @  <a href='mailto:stephen.connelly@natwest.com' target='_blank'>Stephen Connelly</a> /<a href='mailto:graham.smith1@natwest.com' target='_blank'>Graham Smith</a><br></br>",      
      "Options": "<ol type='A'><li> Enter A to continue for more</li><li> <b>Exit</b> to end this chat</li></ol> ",
      "ValidAnswer": "[A,Exit]"
   },
   {
      "Sno": "Q6",
	  "Question": "For Natwest Markets, key contacts are:<ul><li><b>Engagement lead-</b>Stephen Connelly</li><li><b>Business spoke-</b>Raja</li></ul>Please reach out to them @  <a href='mailto:stephen.connelly@natwest.com' target='_blank'>Stephen Connelly</a> /<a href='mailto:graham.smith1@natwest.com' target='_blank'>Graham Smith</a><br></br>",      
      "Options": "<ol type='A'><li> Enter A to continue for more</li><li> <b>Exit</b> to end this chat</li></ol> ",
      "ValidAnswer": "[A,Exit]"
   },
   {
      "Sno": "Q7",
	  "Question": "For Retail, key contacts are:<ul><li><b><b>Engagement lead-</b></b>Keith Hill</li><li><b>Business spoke-</b>Karen Dewar</li></ul>Please reach out to them @  <a href='mailto:keith.hill@natwest.com' target='_blank'>Keith Hill</a> /<a href='mailto:karen.dewar@natwest.com' target='_blank'>Karen Dewar</a><br></br>",      
      "Options": "<ol type='A'><li> Enter A to continue for more</li><li> <b>Exit</b> to end this chat</li></ol> ",
      "ValidAnswer": "[A,Exit]"
   },   
   {
      "Sno": "Q8",
      "Question": "Choose an option from below: Select <li><b>Option A:</b>If you want to raise a new work request and also generate template HLSD</li><li><b>Option B:</b>If you want to have a look at reference hlsd's for previous solutioning work done within D&A</li><b>Enter A/B</b><br></br>",
      "Options": "<ol type='A'><li>Understand D&A processes and generate relevant template HLSD</li><li>Get relevant reference HLSD</li></ol> ",
      "ValidAnswer": "[A,B]"
   },
   {
      "Sno": "Q9",
      "Question": "Please describe your use case and also share confluence/sharepoint link(if any)to give more insights into your usecase.<br></br>",
      "Options": "<ol type='A'><li> Provide information and continue</li><li>Enter <b>Exit</b> to end this chat</li></ol> ",
      "ValidAnswer": "[  ]"
   },
   {
      "Sno": "Q11",
      "Question": "To help you with further asessment of your work request,please provide following information-                  <ul><li>Describe your use case</li><li>Also,share existing link(confluence/SharePoint) like data flow diagram,design diagram,business context diagram etc.</li></ul><br></br>",
      "Options": "<ol type='A'><li> Provide information and continue</li><li>Enter <b>Exit</b> to end this chat</li></ol> ",
      "ValidAnswer": "[  ]"
   },   
   {
      "Sno": "Q25",
      "Question": "What is the expected tier of your application?               <ul><li>D&A supports tier 3 applications and in some cases tier 2 as well.In case your application belongs to tier 1 then detailed discussions would be required. <li>Find D&A platforms service supported tier information at:<a href='https://confluence.dts.fm.rbsgrp.net/pages/viewpage.action?pageId=595207957#ISBIA&CIInfo' target='_blank'> <b>Supported Tiering within D&A</b></a></li></ul><br></br>",
      "Options": "<ol type='A'><li> Provide <b>tier information</b> and continue</li><li>Enter <b>Exit</b> to end this chat</li></ol>",
      "ValidAnswer": "[  ]"
   },
   {
      "Sno": "Q26",
      "Question": "Provide <b>ISBIA number</b> and <b>CIA</b> ratings for your application.           <ul><li> Refer this link for more information at:                                      <a href='https://confluence.dts.fm.rbsgrp.net/display/EDG/CIA+summary' target='_blank'><b>Supported CIA ratings of D&A platforms</b></a> </li></ul><br></br>",
      "Options": "<ol type='A'><li> Provide <b>details</b> and continue</li><li>Enter <b>Exit</b> to end this chat</li></ol> ",
      "ValidAnswer": "[  ]"
   },
   {
      "Sno": "Q27",
      "Question": "What is the calculated PIA score for your application?    <ul><li>Refer this link for more information at:                              <a href='https://intranet.rbsres01.net/Legal/PrivacyandClientConfidentiality/Pages/default.aspx' target='_blank'><b>PIA Score Calculation</b> </a></li></ul><br></br>",
      "Options": "<ol type='A'><li> Provide PIA and continue</li><li>Enter <b>Exit</b> to end this chat</li></ol> ",
      "ValidAnswer": "[  ]"
   },
   {
      "Sno": "Q28",
      "Question": "Summarize the non-functional requirements eg.user batch concurrency, data retention period, Batch SLA etc.? <ul><li>Refer this link for more information at:                 <a href='https://confluence.dts.fm.rbsgrp.net/display/EDG/Draft+Non+Functional+Requirements' target='_blank'><b>NFR Information Link</b> </a></li></ul><br></br>",
      "Options": "<ol type='A'><li>Provide NFR's and continue</li><li>Enter <b>Exit</b> to end this chat</li></ol> ",
      "ValidAnswer": "[  ]"
   },
   {
      "Sno": "Q29",
      "Question": "Do you need to onboard new data into D&A stores before consumption?<b>Enter A/B</b><br></br>",
      "Options": "<ol type='A'><li>Yes</li><li>No,my data is existing </li></ol>",
      "ValidAnswer": "[A,B]"
   },   
   {
      "Sno": "Q13",
      "Question": "Please answer following to generate relevant template HLSD.                       <li>Is your data existing within D&A stores e.g hadoop datalakes/Snowflake etc?.</li><b>Enter A/B</b><br></br>",
      "Options": "<ol type='A'><li> Yes</li><li>No </li></ol> ",
      "ValidAnswer": "[A,Exit]"
   },
   {
      "Sno": "Q14",
      "Question": "Refer this link to find your data - <a href='https://confluence.dts.fm.rbsgrp.net/pages/viewpage.action?pageId=1101620588' target='_blank'><b>D&A Data Catalogue</b></a><br></br>",
      "Options": "<ol type='A'><li> Enter A to continue for more</li><li> <b>Exit</b> to end this chat</li></ol> ",
      "ValidAnswer": "[A,Exit]"
   },
   {
      "Sno": "Q15",
      "Question": "We highly recommend you to get in touch with business spoke to get a DA assigned as your request involves data analysis to find if data is existing  in D&A or not.                    Enter <b>Exit</b> to end the chat and talk to spoke<br></br>",
      "Options": "<ol type='A'><li> Enter A to raise work request</li><li> Press <b>Exit</b> to end chat</li></ol> ",
      "ValidAnswer": "[A,Exit]"
   },   
   {
      "Sno": "Q16",
      "Question": "Are the sources you want to ingest golden data sources?<ul><li> <b>Golden Source:</b> Master Source for a defined set of data or a GSWG (Golden Source Working Group) approved copy of that Master.</li><li>Refer golden source register at - <a href='https://intranet.rbsres01.net/ManagingRecordsData/DataZone/RBS-Data-KNowledgebase/Pages/Master-and-Golden-Sources.aspx' target='_blank'>Golden Source Register </a> </li></ul><b>Enter A/B</b><br></br>",
      "Options": "<ol type='A'><li>Yes</li><li>No</li></ol> ",
      "ValidAnswer": "[A,B]"
   },
   {
      "Sno": "Q17",
      "Question": "Mention the <b>golden source system id</b> from golden source reqister and specify <b>additional fields</b> to be sourced<br></br>",
      "Options": "<ol type='A'><li> Provide required information and continue</li><li>Enter <b>Exit</b> to end this chat</li></ol> ",
      "ValidAnswer": "[  ]"
   },
   {
      "Sno": "Q18",
      "Question": "What is the mitigation plan to move to golden data source?Have you raised <b>Technical Debt</b> for D&A approval?                    <b>Enter A/B</b><br></br>",
      "Options": "<ol type='A'><li>  Yes, I have already done </li><li>No,Please provide link </li></ol> ",
      "ValidAnswer": "[A,B]"
   },
   {
      "Sno": "Q19",
      "Question": "Refer this link for more information at:<a href='https://confluence.dts.fm.rbsgrp.net/display' target='_blank'>Raise Technical Debt</a><br></br>",
      "Options": "<ol type='A'><li> Enter A to continue for more</li><li><b>Exit</b> to end this chat</li></ol> ",
      "ValidAnswer": "[A,Exit]"
   },
   {
      "Sno": "Q21",
      "Question": "Is there any sensitive/ secret data involved?<ul><li>D&A only support data classification up to confidential. In case your data is secret classified then please reach out to spoke leads or tower leads for further guidance.</li></ul><b>Enter A/Exit </b> <br></br>",
      "Options": "<ol type='A'><li> No,secret data is not involved continue</li><li><b>Exit</b> to end this chat</li></ol> ",
      "ValidAnswer": "[A,Exit]"
   },
   {
      "Sno": "Q22",
      "Question": "To bring secret data into the D&A datalake you might have to go through an <b>additional assessment</b>.We may require more information before allowing secret data into D&A platforms. <b>Enter A/Exit </b> <br></br>",
      "Options": "<ol type='A'><li> Enter A to continue for more</li><li> <b>Exit</b> to end this chat</li></ol> ",
      "ValidAnswer": "[A,Exit]"
   },  
   {
      "Sno": "Q24",
      "Question": "<ul><li><b>Enterprise Data:</b> Data which has a usage for enterprise wide use-cases like Customer Data, Account Data etc.</li><li><b>Non Enterprise Data:</b>Domain Specific data whose usecase is limited to a project team within a Domain e.g. Fraud/ Risk etc.</li>Link for more information:<a href='https://intranet.rbsres01.net/ManagingRecordsData/DataZone/RBS-Data-Knowledgebase/Pages/RBS%20Data%20Models.aspx' target='_blank'>Link to verify if data is of enterprise concern or non-enterprise</a></ul> <b>Enter A/B</b> to specify the type of new data you wish to onboard<br></br>",
      "Options": "<ol type='A'><li> Enterprise data</li><li>Non Enterprise Data</li></ol> ",
      "ValidAnswer": "[   ]"
   },
   {
      "Sno": "Q34",
      "Question": "Are source system producing data in streams(real time) or batch(job executes once in a day at specific time)?                                <b>Enter A/B</b><br></br>",
      "Options": "<ol type='A'><li>Batch</li><li>Streams</li></ol> ",
      "ValidAnswer": "[A,B]"
   },   
   {
      "Sno": "Q36",
	  "Question": "Refer this link for more information on patterns to process new data and ingest into D&A stores:<a href='https://confluence.dts.fm.rbsgrp.net/pages/viewpage.action?pageId=1107602035' target='_blank'>Patterns guide</a><br></br>",
      "Options": "<ol type='A'><li> Enter A to continue for more</li><li> <b>Exit</b> to end this chat</li></ol>",
      "ValidAnswer": "[A,Exit]"
   },      
   {
      "Sno": "Q51",
      "Question": "Do you want to perform processing on new data being brought into D&A store before consuming?<b>Enter A/B</b>",
      "Options": "<ol type='A'><li> Yes</li><li>No</li></ol> ",
      "ValidAnswer": "[A,B]"
   },   
     
   {
      "Sno": "Q37",
      "Question": "Select an option for data consumption from A to H<br></br>",
      "Options": "<ol type='A'><li>Build  extracts for downstream(system on cloud)</li><li>Build extracts for downstream(system on-premise)</li><li>Reporting</li><li>Api to publish data to a web application</li><li>Perform data anlalysis using SQL Querying tool</li><li>Data Science/Machine learning</li><li>Data archival and Data Migration to AWS</li><li>Others</li></ol>",
      "ValidAnswer": "[A,B,C,D,E,F,G,H]"
   },   
   {
      "Sno": "Q62",
      "Question": "Choose an option from A to D<br></br>",
      "Options": "<ol type='A'><li> Browse the existing D&A data catalogue</li><li>Analyse existing data</li><li>Batch/Streaming-New Data onboarding in D&A and data consumption/Reporting</li><li>I want to understand more about these options</li></ol><br></br> ",
      "ValidAnswer": "[A,B,C,D]"
   },
   {
      "Sno": "Q42",
      "Question": "More information about above options:<ol><li><b>Find,existing data within D&A stores:</b>Use case where user wants to find out if a particular data is existing within D&A data stores or not</li><li><b>Analyse existing data-</b> Use case where user wants to perform further analysis on data existing within D&A stores to find particular fields etc</li><li><b> Batch/streaming:-New Data onboarding in D&A and data consumption/ Reporting-</b>Use case where user wants to onboard a new data source using a batch job/as streams(real time events)  and consume using following means:api to fetch data from hadoop,data integrated with other systems,build extracts(small datasets) from existing data,Reporting,Data science/machine learning,Data Integration,data archival etc.</li></ol><br></br>",
      "Options": "<ol type='A'><li> Enter A to continue for more</li><li><b>Exit</b> to end this chat</li></ol>",
      "ValidAnswer": "[A,Exit]"
   },
   {
      "Sno": "Q43",
      "Question": "Hope you are clear with the above scenarios and able to choose your use case.                                     Select an option from A to E:<br></br>",
	  "Options": "<ol type='A'><li> Find,existing data within D&A stores?</li><li>Analyse existing data</li><li><b>Batch/Streaming-</b>-New Data onboarding in D&A for consumption/ Reporting</li><li>Consuming/Reporting existing data in D&A</li><li>I want to <b>Exit</b> and raise request manually as my use case not listed here</li></ol><br></br> ",
      "ValidAnswer": "[A,B,C,D,E]"
   },
   {
      "Sno": "Q44",
      "Question": "Since your use case is not listed,please drop a mail to D&A engagement group to raise work request and take it ahead.<br></br>",
      "Options": "<ol type='A'><li> Enter <b>Exit</b> to end this chat</li></ol> ",
      "ValidAnswer": "[Exit]"
   },
   
   {
      "Sno": "Q71",
      "Question": "<b>Data Availability:</b> Do we have it all in EDH already or will fresh sourcing be required?<b>Enter A/B</b><br></br>",
      "Options": "<ol type='A'><li> Yes</li><li>No</li></ol> ",
      "ValidAnswer": "[A,B]"
   },
   {
      "Sno": "Q80",
      "Question": "Is there any requirement for external 3rd party data?<b>Enter A/B</b><br></br>",
      "Options": "<ol type='A'><li> Yes</li><li>No</li></ol> ",
      "ValidAnswer": "[  ]"
   },
   {
      "Sno": "Q72",
      "Question": "<b>Data Quality:</b>-Is the DQ of an acceptable standard? If not, how/who remediates?<br></br>",
      "Options": "<ol type='A'><li> Provide <b>information</b> and continue</li><li>Enter <b>Exit</b> to end this chat</li></ol>",
      "ValidAnswer": "[  ]"
   },
   {
      "Sno": "Q73",
      "Question": "What is to be the frequency for model training, inference and retraining?<b>Enter A/B</b><br></br>",
      "Options": "<ol type='A'><li> Provide <b>information</b> and continue</li><li>Enter <b>Exit</b> to end this chat</li></ol> ",
      "ValidAnswer": "[  ]"
   },
   {
      "Sno": "Q75",
      "Question": "Are any processes required to be put in place to monitor the data when the model is live?<br></br>",
      "Options": "<ol type='A'><li> Provide <b>information</b> and continue</li><li>Enter <b>Exit</b> to end this chat</li></ol> ",
      "ValidAnswer": "[  ]"
   },   
   {
      "Sno": "Q77",
      "Question": "Does the model intend to use Feature Bank?<b>Enter A/B</b><br></br>",
      "Options": "<ol type='A'><li> Yes</li><li>No</li></ol> ",
      "ValidAnswer": "[A,B]"
   },
   {
      "Sno": "Q78",
      "Question": "Is an uplift of new Features required? Examine existing content at- <a href='https://confluence.dts.fm.rbsgrp.net/display/FB/Data+Design#DataDesign-FeatureBankDataDictionary' target='_blank'>Data Design#FeatureBankDataDictionary</a><li>To get more details drop a mail to -<a href='mailto:featurebank@rbos.co.uk' target='_blank'># Featurebank</a></li><b>Enter A/B</b> <br></br>",
      "Options": "<ol type='A'><li> Provide <b>information</b> and continue</li><li>Enter <b>Exit</b> to end this chat</li></ol> ",
      "ValidAnswer": "[    ]"
   },
   
   {
      "Sno": "Q79",
      "Question": "How will model be exposed/called?Select an option from A to E<br></br> ",
      "Options": "<ol type='A'><li> Rest API endpoint against Sagemaker</li><li>Data visualization using reporting tools</li><li>Event driven trigger</li><li>via Streamsets ETL</li><li>Lambda</li><li>AWS Notifications</li></ol><br></br> ",
      "ValidAnswer": "[   ]"
   },
   {
      "Sno": "Q52",
      "Question": "Are source system producing data in streams(real time) or batch(job executes once in a day at specific time)?                                <b>Enter A/B</b><br></br>",
      "Options": "<ol type='A'><li>Batch</li><li>Streams</li></ol> ",
      "ValidAnswer": "[A,B]"
   },
   {
      "Sno": "Q74",
      "Question": "Batch-Where do you want model to be hosted?<b>Enter A/B</b><br></br>",
      "Options": "<ol type='A'><li> On-premise</li><li>Cloud</li></ol> ",
      "ValidAnswer": "[A,B]"
   }, 
   {
      "Sno": "Q69",
      "Question": "Streaming-Where do you want model to be hosted?<b>Enter A/B</b><br></br>",
      "Options": "<ol type='A'><li> On-premise</li><li>Cloud</li></ol> ",
      "ValidAnswer": "[A,B]"
   },  
   {
      "Sno": "Q68",
	  "Question": "Template HLSD for Batch + machine learning + model deployed on premise:<a href='https://confluence.dts.fm.rbsgrp.net/display/EDG/Template+HLSD%28Based+on+how+data+will+be+consumed%29+and+Reference+links/#TemplateHLSD(Basedonhowdatawillbeconsumed)andReferencelinks-12.Batch-ML-modeldeployed-Onpremise' target='_blank'>HLSD</a><br></br>",
      "Options": "<ol type='A'><li>Enter A to raise work request</li><li><b>Exit</b> to end this chat</li></ol> ",
      "ValidAnswer": "[A,Exit]"
   },   
   {
      "Sno": "Q59",
	  "Question": "Template HLSD for Machine learning + Feature bank:<a href='https://confluence.dts.fm.rbsgrp.net/display/EDG/Template+HLSD%28Based+on+how+data+will+be+consumed%29+and+Reference+links/#TemplateHLSD(Basedonhowdatawillbeconsumed)andReferencelinks-11.ML-Featurebank' target='_blank'>HLSD</a><br></br>",
      "Options": "<ol type='A'><ol type='A'><li> Enter A to continue for more</li><li> <b>Exit</b> to end this chat</li></ol> ",
      "ValidAnswer": "[A,Exit]"
   },
   {
      "Sno": "Q81",
      "Question": "Here is the link to template HLSD for Batch + Machine Learning + Model deployed on cloud:<a href='https://confluence.dts.fm.rbsgrp.net/display/EDG/Template+HLSD%28Based+on+how+data+will+be+consumed%29+and+Reference+links/#TemplateHLSD(Basedonhowdatawillbeconsumed)andReferencelinks-9.Batch-ML-modeldepolyed-cloud' target='_blank'>HLSD</a><br></br>",
      "Options": "<ol type='A'><li>Enter A to raise work request</li><li><b>Exit</b> to end this chat</li></ol>",
      "ValidAnswer": "[Exit]"
   },
   {
      "Sno": "Q53",
	  "Question": "Template HLSD for 'Streaming + Magellan(build and train)+ Model deployed on cloud(AWS) :<a href='https://confluence.dts.fm.rbsgrp.net/display/EDG/Template+HLSD%28Based+on+how+data+will+be+consumed%29+and+Reference+links/#TemplateHLSD(Basedonhowdatawillbeconsumed)andReferencelinks-10.Streaming-ML-modeldeployedoncloud' target='_blank'>HLSD</a><br></br>",
      "Options": "<ol type='A'><li>Enter A to raise work request</li><li><b>Exit</b> to end this chat</li></ol> ",
      "ValidAnswer": "[A,Exit]"
   },
   {
      "Sno": "Q76",
      "Question": "No,reference HLSD found.Do you want to raise work request?<b>Enter A/B</b><br></br>",
      "Options": "<ol type='A'><li>Yes</li><li><b>Exit</b> to end this chat</li></ol> ",
      "ValidAnswer": "[A,Exit]"
   },
   {
      "Sno": "Q82",
      "Question": "As per above link,does D&A store contains the required data?                                                       <b>Enter A/B/C</b><br></br>",
      "Options": "<ol type='A'><li>Yes</li><li>No</li><li>Not sure</li></ol> ",
      "ValidAnswer": "[A,B,C]"
   },
   {
      "Sno": "Q83",
      "Question": "If you need access, Raise <b>RITM</b> for required database at: <a href='https://rbos.service-now.com/myserviceportal?id=sc_category&sys_id=ce961014dbc3bfc0668a365b689619f2' target='_blank'>Big data Hadoop platform support</a><br></br>",
      "Options": "<ol type='A'><li> Enter A to continue for more</li><li> <b>Exit</b> to end this chat</li></ol>",
      "ValidAnswer": "[A,Exit]"
   },
   {
      "Sno": "Q84",
      "Question": "You can now download conversation history and submit it to @ D&A Engagement group :<a href='mailto:fm-032571@rbos.co.uk' target='_blank'><b>~ DAT_BusinessEngagement</b></a> for work request initiation.<br></br>",
      "Options": "<ol type='A'><li> <b>Exit</b> to end this chat</li></ol>",
      "ValidAnswer": "[Exit]"
   },  
   {
      "Sno": "Q70",
      "Question": "You can now download conversation history and submit it to @ D&A Engagement group :<a href='mailto:fm-032571@rbos.co.uk' target='_blank'><b>~ DAT_BusinessEngagement</b></a> for work request initiation.<br></br>",
      "Options": "<ol type='A'><li>Enter A for relevant template HLSD generation</li><li> <b>Exit</b> to end this chat</li></ol>",
      "ValidAnswer": "[Exit]"
   },    
   {
      "Sno": "Q20",
	  "Question": "Template HLSD for Data egress using SQL querying tool on batch data:<a href=https://confluence.dts.fm.rbsgrp.net/display/EDG/Template+HLSD%28Based+on+how+data+will+be+consumed%29+and+Reference+links/#TemplateHLSD(Basedonhowdatawillbeconsumed)andReferencelinks-6.Batch-SQL-QUERY' target='_blank'>HLSD</a><br></br>",
      "Options": "<ol type='A'><li>Enter A to raise work request</li><li><b>Exit</b> to end this chat</li></ol> ",
      "ValidAnswer": "[A,Exit]"
   },
   {
      "Sno": "Q85",
	  "Question": "Template HLSD for Data consumption by downstream application on cloud batch data:<a href=https://confluence.dts.fm.rbsgrp.net/display/EDG/Template+HLSD%28Based+on+how+data+will+be+consumed%29+and+Reference+links/#TemplateHLSD(Basedonhowdatawillbeconsumed)andReferencelinks-4.Batch-Downstream-cloud' target='_blank'>HLSD</a><br></br>",
      "Options": "<ol type='A'><li>Enter A to raise work request</li><li><b>Exit</b> to end this chat</li></ol> ",
      "ValidAnswer": "[A,Exit]"
   },
   {
      "Sno": "Q86",
	  "Question": "Template HLSD for Data consumption by downstream application on-premise batch data:<a href=https://confluence.dts.fm.rbsgrp.net/display/EDG/Template+HLSD%28Based+on+how+data+will+be+consumed%29+and+Reference+links/#TemplateHLSD(Basedonhowdatawillbeconsumed)andReferencelinks-2.Batch-Downstream-onpremise' target='_blank'>HLSD</a><br></br>",
      "Options": "<ol type='A'><li>Enter A to raise work request</li><li><b>Exit</b> to end this chat</li></ol> ",
      "ValidAnswer": "[A,Exit]"
   },   
   {
      "Sno": "Q88",
	  "Question": "Template HLSD for Data egress using Reporting tool on-premise batch data:<a href=https://confluence.dts.fm.rbsgrp.net/display/EDG/Template+HLSD%28Based+on+how+data+will+be+consumed%29+and+Reference+links/#TemplateHLSD(Basedonhowdatawillbeconsumed)andReferencelinks-1.Batch-Reporting-onpremise' target='_blank'>HLSD</a><br></br>",
      "Options": "<ol type='A'><li>Enter A to raise work request</li><li><b>Exit</b> to end this chat</li></ol> ",
      "ValidAnswer": "[A,Exit]"
   },
   {
      "Sno": "Q89",
	  "Question": "Template HLSD for 'Data egress using api into web application batch data:<a href=https://confluence.dts.fm.rbsgrp.net/display/EDG/Template+HLSD%28Based+on+how+data+will+be+consumed%29+and+Reference+links/#TemplateHLSD(Basedonhowdatawillbeconsumed)andReferencelinks-3.Batch-API-Webapponpremise' target='_blank'>HLSD</a><br></br>",
      "Options": "<ol type='A'><li>Enter A to raise work request</li><li><b>Exit</b> to end this chat</li></ol> ",
      "ValidAnswer": "[A,Exit]"
   },
   {
      "Sno": "Q90",
      "Question": "Since,your consumption type is not listed,please specify how you want to consume data<br></br>",
      "Options": "<ol type='A'><li>Enter details and continue to raise work request</li><li><b>Exit</b> to end this chat</li></ol> ",
      "ValidAnswer": "[A,Exit]"
   },   
   {
      "Sno": "Q91",
      "Question": "Do you want to perform processing on existing data in D&A before consuming?<b>Enter A/B </b><br></br>",
      "Options": "<ol type='A'><li> Yes</li><li>No</li></ol> ",
      "ValidAnswer": "[A,B]"
   },
   {
      "Sno": "Q31",
      "Question": "Refer this link for more information on patterns to ingest data into D&A:<a href='https://confluence.dts.fm.rbsgrp.net/pages/viewpage.action?pageId=1107602035' target='_blank'>Patterns guide</a><br></br>",
      "Options": "<ol type='A'><li> Enter A to continue for more</li><li> <b>Exit</b> to end this chat</li></ol>",
	  "ValidAnswer": "[A,Exit]"
   },
   {
      "Sno": "Q30",
      "Question": "Refer this link for more information on patterns to process existing data within D&A:<a href='https://confluence.dts.fm.rbsgrp.net/pages/viewpage.action?pageId=1107602035' target='_blank'>Patterns guide</a><br></br>",
      "Options": "<ol type='A'><li> Enter A to continue for more</li><li> <b>Exit</b> to end this chat</li></ol>",
	  "ValidAnswer": "[A,Exit]"
   },
   {
      "Sno": "Q57",
      "Question": "Is your data existing within D&A cloud store or D&A On-premise store?<br></br>",
      "Options": "<li> Provide <b>information</b> and continue</li><li>Enter <b>Exit</b> to end this chat</li></ol> ",
      "ValidAnswer": "[   ]"
   },  
      
   {
      "Sno": "Q87",
	  "Question": "Template HLSD for 'Batch- Onpremise data archival + Data Migration to cloud :<a href=https://confluence.dts.fm.rbsgrp.net/display/EDG/Template+HLSD%28Based+on+how+data+will+be+consumed%29+and+Reference+links/#TemplateHLSD(Basedonhowdatawillbeconsumed)andReferencelinks-5.Batch-Onpremise-DataArchival+DataMigration' target='_blank'>HLSD</a><br></br>",
      "Options": "<ol type='A'><li>Enter A to raise work request</li><li><b>Exit</b> to end this chat</li></ol> ",
      "ValidAnswer": "[A,Exit]"
   },
   {
      "Sno": "Q92",
	  "Question": "Template HLSD for 'Streaming + Onpremise data archival+ Data Migration to cloud :<a href=https://confluence.dts.fm.rbsgrp.net/display/EDG/Template+HLSD%28Based+on+how+data+will+be+consumed%29+and+Reference+links/#TemplateHLSD(Basedonhowdatawillbeconsumed)andReferencelinks-Streaming-Datamigration-Dataarchival' target='_blank'>HLSD</a><br></br>",
      "Options": "<ol type='A'><li>Enter A to raise work request</li><li><b>Exit</b> to end this chat</li></ol> ",
      "ValidAnswer": "[A,Exit]"
   },  
   {
      "Sno": "Q93",
	  "Question": "Template HLSD for 'Batch + Reporting on cloud:<a href=https://confluence.dts.fm.rbsgrp.net/display/EDG/Template+HLSD%28Based+on+how+data+will+be+consumed%29+and+Reference+links/#TemplateHLSD(Basedonhowdatawillbeconsumed)andReferencelinks-7.Batch-Reporting-cloud' target='_blank'>HLSD</a><br></br>",
      "Options": "<ol type='A'><li>Enter A to raise work request</li><li><b>Exit</b> to end this chat</li></ol> ",
      "ValidAnswer": "[A,Exit]"
   },
   {
      "Sno": "Q58",
	  "Question": "Template HLSD for 'Batch + api to publish data to web app on cloud :<a href=https://confluence.dts.fm.rbsgrp.net/display/EDG/Template+HLSD%28Based+on+how+data+will+be+consumed%29+and+Reference+links/#TemplateHLSD(Basedonhowdatawillbeconsumed)andReferencelinks-8.Batch-API-WebApponcloud' target='_blank'>HLSD</a><br></br>",
      "Options": "<ol type='A'><li>Enter A to raise work request</li><li><b>Exit</b> to end this chat</li></ol> ",
      "ValidAnswer": "[A,Exit]"
   },   
   
   {
      "Sno": "Q40",
      "Question": "Is consumer(target) system within bank or external to the bank? <ol><li><b>Within bank</b>-self service read </li><li><b>Outside Bank</b>-handshake required to get the files</li></ul><b> Enter A/B </b><br></br>",
      "Options": "<ol type='A'><li> Internal</li><li>External</li></ol> ",
      "ValidAnswer": "[ ]"
   },
   {
      "Sno": "Q41",
      "Question": "Do you have writeback also involved?<b> Enter A/B </b><br></br>",
      "Options": "<ol type='A'><li> Yes</li><li>No</li></ol> ",
      "ValidAnswer": "[ ]"
   },     
   {
      "Sno": "Q60",
      "Question": "D&A encourages tenants to do self service Reporting using tools like tablaeu/thoughtspot etc based on the available liacenses.Do you have capablity to do self service reporting from snowflake as data warehouse?<b> Enter A/B </b><br></br>",
      "Options": "<ol type='A'><li> Yes</li><li>No we need to do reporting on data existing in on-premise D&A stores </li></ol> ",
      "ValidAnswer": "[A,B]"
   },
   {
      "Sno": "Q61",
      "Question": "Since you are choosing to use on-premise for reporting ,please justify the need and share plan to migrate to cloud as post q2 we would be migrating to cloud.<b> Enter A/Exit </b><br></br>",
      "Options": "<ol type='A'><li> Yes,I understand and have raised tech debt for same please continue</li><li><b>Exit</b> to end this chat</li></ol> ",
      "ValidAnswer": "[A,Exit]"
   },
   {
      "Sno": "Q10",
      "Question": "To get relevant reference HLSD,select an option from A/B<br></br>",
      "Options": "<ol type='A'><li> Batch</li><li>Streaming</li></ol> ",
      "ValidAnswer": "[A,B]"
   },
   {
      "Sno": "Q12",
      "Question": "<ul><li><b>Link for previously approved reference HLSD'S:</b>\n<a href='https://confluence.dts.fm.rbsgrp.net/display/EDG/Previously+approved+reference+HLSD%27s' target='_blank'>Previously approved reference HLSD's</a></li>\n<li><b>Link for patterns related to batch:</b>\n                        <a href='https://confluence.dts.fm.rbsgrp.net/display/EDG/Batch+Patterns+and+Reference+HLSD%27S' target='_blank'>                  Batch Patterns</a></li></ul>\n<b> Enter A/Exit </b><br></br>",
      "Options": "<ol type='A'><li> Enter A to continue</li><li><b>Exit</b> to end this chat</li></ol> ",
      "ValidAnswer": "[A,Exit]"
   },
   {
      "Sno": "Q23",
      "Question": "Do you want to look at patterns related to data science?Select an option from A/B<br></br>",
      "Options": "<ol type='A'><li> Yes</li><li>No</li></ol> ",
      "ValidAnswer": "[A,B]"
   },
   {
      "Sno": "Q32",
      "Question": "<ul><li><b>Link for previously approved reference HLSD'S:</b>\n<a href='https://confluence.dts.fm.rbsgrp.net/display/EDG/Previously+approved+reference+HLSD%27s' target='_blank'>Previously approved reference HLSD's</a></li>\n<li><b>Link for patterns related to streaming:</b>\n                     <a href='https://confluence.dts.fm.rbsgrp.net/display/EDG/Streaming+patterns+and+reference+hlsd%27s' target='_blank'>             Streaming patterns</a></li></ul>\n<b> Enter A/Exit </b><br></br>",
      "Options": "<ol type='A'><li> Enter A to continue</li><li><b>Exit</b> to end this chat</li></ol> ",
      "ValidAnswer": "[A,Exit]"
   },
   {
      "Sno": "Q33",
      "Question": "<li><b>Link for patterns related to Data Science:</b>\n<a href='https://confluence.dts.fm.rbsgrp.net/pages/viewpage.action?pageId=1101389032' target='_blank'>Data Science/Machine learning patterns</a></li><br></br>",
      "Options": "<ol type='A'><li> Enter <b>Exit</b> to end this chat</li></ol> ",
      "ValidAnswer": "[Exit]"
   },
   {
      "Sno": "Q35",
      "Question": "Thanks for coming here,Hope I was able to help you.Have a nice day!<br></br>",
      "Options": "<ol type='A'><li> Enter <b>Exit</b> to end this chat</li></ol> ",
      "ValidAnswer": "[Exit]"
   }
   
]   
    
